corrosive corruption,A16TP8YGKE1FJ5,metaphor,94
corrosive corruption,A16TP8YGKE1FJ5,metaphor,99
deep-rooted tradition,A16TP8YGKE1FJ5,metaphor,98
deep-rooted tradition,A16TP8YGKE1FJ5,metaphor,98
blue obscurity,A16TP8YGKE1FJ5,metaphor,83
blue obscurity,A16TP8YGKE1FJ5,metaphor,92
bloated spending,A16TP8YGKE1FJ5,metaphor,99
bloated spending,A16TP8YGKE1FJ5,metaphor,99
dim reminder,A16TP8YGKE1FJ5,metaphor,95
dim reminder,A16TP8YGKE1FJ5,metaphor,92
colorful personality,A16TP8YGKE1FJ5,metaphor,97
colorful personality,A16TP8YGKE1FJ5,metaphor,14
colorful remark,A16TP8YGKE1FJ5,metaphor,93
colorful remark,A16TP8YGKE1FJ5,metaphor,7
economic rise,A16TP8YGKE1FJ5,metaphor,95
economic rise,A16TP8YGKE1FJ5,metaphor,59
civic fabric,A16TP8YGKE1FJ5,metaphor,96
civic fabric,A16TP8YGKE1FJ5,metaphor,70
dead money,A16TP8YGKE1FJ5,metaphor,41
dead money,A16TP8YGKE1FJ5,metaphor,100
economic slide,A16TP8YGKE1FJ5,metaphor,97
economic slide,A16TP8YGKE1FJ5,metaphor,91
deflated pride,A16TP8YGKE1FJ5,metaphor,3
deflated pride,A16TP8YGKE1FJ5,metaphor,6
colorful remark,A1F2GPJS6SWQ6M,metaphor,100
colorful remark,A1F2GPJS6SWQ6M,metaphor,23
cold justice,A1F2GPJS6SWQ6M,metaphor,39
cold justice,A1F2GPJS6SWQ6M,metaphor,12
deflated emotions,A1F2GPJS6SWQ6M,metaphor,19
deflated emotions,A1F2GPJS6SWQ6M,metaphor,14
corporate pie,A1F2GPJS6SWQ6M,metaphor,63
corporate pie,A1F2GPJS6SWQ6M,metaphor,41
dodgy bar,A1F2GPJS6SWQ6M,metaphor,77
dodgy bar,A1F2GPJS6SWQ6M,metaphor,74
deep solitude,A1F2GPJS6SWQ6M,metaphor,71
deep solitude,A1F2GPJS6SWQ6M,metaphor,60
cultural strength,A1F2GPJS6SWQ6M,metaphor,67
cultural strength,A1F2GPJS6SWQ6M,metaphor,37
backward area,A1F2GPJS6SWQ6M,metaphor,40
backward area,A1F2GPJS6SWQ6M,metaphor,36
dynamic company,A1F2GPJS6SWQ6M,metaphor,63
dynamic company,A1F2GPJS6SWQ6M,metaphor,60
democratic vitality,A1F2GPJS6SWQ6M,metaphor,68
democratic vitality,A1F2GPJS6SWQ6M,metaphor,62
economic battle,A1F2GPJS6SWQ6M,metaphor,65
economic battle,A1F2GPJS6SWQ6M,metaphor,31
ecological collapse,A1F2GPJS6SWQ6M,metaphor,63
ecological collapse,A1F2GPJS6SWQ6M,metaphor,60
economic muscle,A1JVWOBGNA6KJT,metaphor,100
economic muscle,A1JVWOBGNA6KJT,metaphor,59
dodgy bar,A1JVWOBGNA6KJT,metaphor,100
dodgy bar,A1JVWOBGNA6KJT,metaphor,0
chronic poverty,A1JVWOBGNA6KJT,metaphor,0
chronic poverty,A1JVWOBGNA6KJT,metaphor,100
desolate beauty,A1JVWOBGNA6KJT,metaphor,100
desolate beauty,A1JVWOBGNA6KJT,metaphor,0
clear-cut solution,A1JVWOBGNA6KJT,metaphor,100
clear-cut solution,A1JVWOBGNA6KJT,metaphor,100
corporate pie,A1JVWOBGNA6KJT,metaphor,100
corporate pie,A1JVWOBGNA6KJT,metaphor,0
clouded future,A1JVWOBGNA6KJT,metaphor,100
clouded future,A1JVWOBGNA6KJT,metaphor,100
deep poverty,A1JVWOBGNA6KJT,metaphor,0
deep poverty,A1JVWOBGNA6KJT,metaphor,0
clear responsibility,A1JVWOBGNA6KJT,metaphor,100
clear responsibility,A1JVWOBGNA6KJT,metaphor,100
acute poverty,A1JVWOBGNA6KJT,metaphor,100
acute poverty,A1JVWOBGNA6KJT,metaphor,100
deserted friendship,A1JVWOBGNA6KJT,metaphor,0
deserted friendship,A1JVWOBGNA6KJT,metaphor,0
blue feelings,A1JVWOBGNA6KJT,metaphor,0
blue feelings,A1JVWOBGNA6KJT,metaphor,0
economic mobility,A30UE6DWFNUCWX,metaphor,96
economic mobility,A30UE6DWFNUCWX,metaphor,7
blue obscurity,A30UE6DWFNUCWX,metaphor,90
blue obscurity,A30UE6DWFNUCWX,metaphor,14
deeper poverty,A30UE6DWFNUCWX,metaphor,0
deeper poverty,A30UE6DWFNUCWX,metaphor,0
durable middle-class,A30UE6DWFNUCWX,metaphor,20
durable middle-class,A30UE6DWFNUCWX,metaphor,98
deflated pride,A30UE6DWFNUCWX,metaphor,19
deflated pride,A30UE6DWFNUCWX,metaphor,17
crushing unemployment,A30UE6DWFNUCWX,metaphor,7
crushing unemployment,A30UE6DWFNUCWX,metaphor,100
colliding contradiction,A30UE6DWFNUCWX,metaphor,10
colliding contradiction,A30UE6DWFNUCWX,metaphor,74
backward area,A30UE6DWFNUCWX,metaphor,75
backward area,A30UE6DWFNUCWX,metaphor,68
deserted friendship,A30UE6DWFNUCWX,metaphor,35
deserted friendship,A30UE6DWFNUCWX,metaphor,77
dimmed prospect,A30UE6DWFNUCWX,metaphor,76
dimmed prospect,A30UE6DWFNUCWX,metaphor,82
crushing neglect,A30UE6DWFNUCWX,metaphor,19
crushing neglect,A30UE6DWFNUCWX,metaphor,68
crushing cycle,A30UE6DWFNUCWX,metaphor,90
crushing cycle,A30UE6DWFNUCWX,metaphor,80
blossoming industry,AEIIVFPRTDGMK,metaphor,100
blossoming industry,AEIIVFPRTDGMK,metaphor,100
ecological collapse,AEIIVFPRTDGMK,metaphor,75
ecological collapse,AEIIVFPRTDGMK,metaphor,79
debilitating poverty,AEIIVFPRTDGMK,metaphor,24
debilitating poverty,AEIIVFPRTDGMK,metaphor,60
delicious agony,AEIIVFPRTDGMK,metaphor,100
delicious agony,AEIIVFPRTDGMK,metaphor,12
corrosive corruption,AEIIVFPRTDGMK,metaphor,82
corrosive corruption,AEIIVFPRTDGMK,metaphor,39
durable middle-class,AEIIVFPRTDGMK,metaphor,29
durable middle-class,AEIIVFPRTDGMK,metaphor,78
civic fabric,AEIIVFPRTDGMK,metaphor,67
civic fabric,AEIIVFPRTDGMK,metaphor,77
durable class,AEIIVFPRTDGMK,metaphor,85
durable class,AEIIVFPRTDGMK,metaphor,58
breakneck expansion,AEIIVFPRTDGMK,metaphor,73
breakneck expansion,AEIIVFPRTDGMK,metaphor,55
blazing desolation,AEIIVFPRTDGMK,metaphor,45
blazing desolation,AEIIVFPRTDGMK,metaphor,46
balanced growth,AEIIVFPRTDGMK,metaphor,94
balanced growth,AEIIVFPRTDGMK,metaphor,26
deep-rooted belief,AEIIVFPRTDGMK,metaphor,77
deep-rooted belief,AEIIVFPRTDGMK,metaphor,33
balanced growth,A1YSYI926BBOHW,metaphor,0
balanced growth,A1YSYI926BBOHW,metaphor,100
blazing desolation,A1YSYI926BBOHW,metaphor,100
blazing desolation,A1YSYI926BBOHW,metaphor,0
deeper poverty,A1YSYI926BBOHW,metaphor,0
deeper poverty,A1YSYI926BBOHW,metaphor,0
crushing misery,A1YSYI926BBOHW,metaphor,100
crushing misery,A1YSYI926BBOHW,metaphor,100
delicious agony,A1YSYI926BBOHW,metaphor,100
delicious agony,A1YSYI926BBOHW,metaphor,0
deep-rooted tradition,A1YSYI926BBOHW,metaphor,100
deep-rooted tradition,A1YSYI926BBOHW,metaphor,59
deep solitude,A1YSYI926BBOHW,metaphor,100
deep solitude,A1YSYI926BBOHW,metaphor,100
crisscrossed chaos,A1YSYI926BBOHW,metaphor,0
crisscrossed chaos,A1YSYI926BBOHW,metaphor,63
concentrated poverty,A1YSYI926BBOHW,metaphor,0
concentrated poverty,A1YSYI926BBOHW,metaphor,93
clouded future,A1YSYI926BBOHW,metaphor,75
clouded future,A1YSYI926BBOHW,metaphor,81
colliding contradiction,A1YSYI926BBOHW,metaphor,18
colliding contradiction,A1YSYI926BBOHW,metaphor,84
corporate pie,A1YSYI926BBOHW,metaphor,33
corporate pie,A1YSYI926BBOHW,metaphor,18
dark passion,A89R5XGMHOTJE,metaphor,82
dark passion,A89R5XGMHOTJE,metaphor,70
aggressive program,A89R5XGMHOTJE,metaphor,72
aggressive program,A89R5XGMHOTJE,metaphor,63
bottled passion,A89R5XGMHOTJE,metaphor,71
bottled passion,A89R5XGMHOTJE,metaphor,78
crushing difficulty,A89R5XGMHOTJE,metaphor,72
crushing difficulty,A89R5XGMHOTJE,metaphor,72
colorful personality,A89R5XGMHOTJE,metaphor,81
colorful personality,A89R5XGMHOTJE,metaphor,69
crushing neglect,A89R5XGMHOTJE,metaphor,19
crushing neglect,A89R5XGMHOTJE,metaphor,90
civic fabric,A89R5XGMHOTJE,metaphor,78
civic fabric,A89R5XGMHOTJE,metaphor,64
broken hope,A89R5XGMHOTJE,metaphor,63
broken hope,A89R5XGMHOTJE,metaphor,77
economic prescription,A89R5XGMHOTJE,metaphor,75
economic prescription,A89R5XGMHOTJE,metaphor,32
durable class,A89R5XGMHOTJE,metaphor,61
durable class,A89R5XGMHOTJE,metaphor,66
ballooning expenditure,A89R5XGMHOTJE,metaphor,64
ballooning expenditure,A89R5XGMHOTJE,metaphor,33
economic pie,A89R5XGMHOTJE,metaphor,75
economic pie,A89R5XGMHOTJE,metaphor,73
deep poverty,A2DNLHS1RSTF5R,metaphor,18
deep poverty,A2DNLHS1RSTF5R,metaphor,100
dirty desires,A2DNLHS1RSTF5R,metaphor,92
dirty desires,A2DNLHS1RSTF5R,metaphor,100
deflated emotions,A2DNLHS1RSTF5R,metaphor,100
deflated emotions,A2DNLHS1RSTF5R,metaphor,0
cut-throat competition,A2DNLHS1RSTF5R,metaphor,100
cut-throat competition,A2DNLHS1RSTF5R,metaphor,0
deepening crisis,A2DNLHS1RSTF5R,metaphor,100
deepening crisis,A2DNLHS1RSTF5R,metaphor,100
durable class,A2DNLHS1RSTF5R,metaphor,100
durable class,A2DNLHS1RSTF5R,metaphor,97
broken melody,A2DNLHS1RSTF5R,metaphor,1
broken melody,A2DNLHS1RSTF5R,metaphor,98
dim reminder,A2DNLHS1RSTF5R,metaphor,98
dim reminder,A2DNLHS1RSTF5R,metaphor,98
criminal path,A2DNLHS1RSTF5R,metaphor,100
criminal path,A2DNLHS1RSTF5R,metaphor,0
debilitating poverty,A2DNLHS1RSTF5R,metaphor,100
debilitating poverty,A2DNLHS1RSTF5R,metaphor,0
clouded future,A2DNLHS1RSTF5R,metaphor,0
clouded future,A2DNLHS1RSTF5R,metaphor,0
dirty deeds,A2DNLHS1RSTF5R,metaphor,100
dirty deeds,A2DNLHS1RSTF5R,metaphor,100
dissolved time,A1P6OXEJ86HQRM,metaphor,0
dissolved time,A1P6OXEJ86HQRM,metaphor,0
balanced growth,A1P6OXEJ86HQRM,metaphor,57
balanced growth,A1P6OXEJ86HQRM,metaphor,0
deep analysis,A1P6OXEJ86HQRM,metaphor,92
deep analysis,A1P6OXEJ86HQRM,metaphor,0
crippling awkwardness,A1P6OXEJ86HQRM,metaphor,90
crippling awkwardness,A1P6OXEJ86HQRM,metaphor,66
blazing desolation,A1P6OXEJ86HQRM,metaphor,100
blazing desolation,A1P6OXEJ86HQRM,metaphor,0
economic slide,A1P6OXEJ86HQRM,metaphor,66
economic slide,A1P6OXEJ86HQRM,metaphor,63
economic mobility,A1P6OXEJ86HQRM,metaphor,81
economic mobility,A1P6OXEJ86HQRM,metaphor,64
corrosive corruption,A1P6OXEJ86HQRM,metaphor,68
corrosive corruption,A1P6OXEJ86HQRM,metaphor,100
dehumanizing poverty,A1P6OXEJ86HQRM,metaphor,100
dehumanizing poverty,A1P6OXEJ86HQRM,metaphor,100
compassionate budget,A1P6OXEJ86HQRM,metaphor,30
compassionate budget,A1P6OXEJ86HQRM,metaphor,70
crushing ignorance,A1P6OXEJ86HQRM,metaphor,62
crushing ignorance,A1P6OXEJ86HQRM,metaphor,63
colorful remark,A1P6OXEJ86HQRM,metaphor,92
colorful remark,A1P6OXEJ86HQRM,metaphor,64
deep-rooted belief,A23OS0HQ12VVOR,metaphor,71
deep-rooted belief,A23OS0HQ12VVOR,metaphor,69
colorful personality,A23OS0HQ12VVOR,metaphor,72
colorful personality,A23OS0HQ12VVOR,metaphor,81
crushing unemployment,A23OS0HQ12VVOR,metaphor,35
crushing unemployment,A23OS0HQ12VVOR,metaphor,83
dirty desires,A23OS0HQ12VVOR,metaphor,80
dirty desires,A23OS0HQ12VVOR,metaphor,81
balanced growth,A23OS0HQ12VVOR,metaphor,64
balanced growth,A23OS0HQ12VVOR,metaphor,78
crushing misery,A23OS0HQ12VVOR,metaphor,73
crushing misery,A23OS0HQ12VVOR,metaphor,91
deserted friendship,A23OS0HQ12VVOR,metaphor,77
deserted friendship,A23OS0HQ12VVOR,metaphor,28
economic revitalization,A23OS0HQ12VVOR,metaphor,80
economic revitalization,A23OS0HQ12VVOR,metaphor,76
economic battle,A23OS0HQ12VVOR,metaphor,36
economic battle,A23OS0HQ12VVOR,metaphor,62
economic sphere,A23OS0HQ12VVOR,metaphor,73
economic sphere,A23OS0HQ12VVOR,metaphor,63
burning soul,A23OS0HQ12VVOR,metaphor,67
burning soul,A23OS0HQ12VVOR,metaphor,61
corrosive corruption,A23OS0HQ12VVOR,metaphor,72
corrosive corruption,A23OS0HQ12VVOR,metaphor,77
crushing hunger,A144N9R7W4H67O,metaphor,100
crushing hunger,A144N9R7W4H67O,metaphor,100
chronic poverty,A144N9R7W4H67O,metaphor,0
chronic poverty,A144N9R7W4H67O,metaphor,0
bottled passion,A144N9R7W4H67O,metaphor,0
bottled passion,A144N9R7W4H67O,metaphor,0
compassionate budget,A144N9R7W4H67O,metaphor,0
compassionate budget,A144N9R7W4H67O,metaphor,100
crisscrossed chaos,A144N9R7W4H67O,metaphor,0
crisscrossed chaos,A144N9R7W4H67O,metaphor,0
economic slide,A144N9R7W4H67O,metaphor,100
economic slide,A144N9R7W4H67O,metaphor,100
deep analysis,A144N9R7W4H67O,metaphor,0
deep analysis,A144N9R7W4H67O,metaphor,100
civic fabric,A144N9R7W4H67O,metaphor,100
civic fabric,A144N9R7W4H67O,metaphor,0
collapsing health,A144N9R7W4H67O,metaphor,100
collapsing health,A144N9R7W4H67O,metaphor,0
deflated pride,A144N9R7W4H67O,metaphor,0
deflated pride,A144N9R7W4H67O,metaphor,0
deserted friendship,A144N9R7W4H67O,metaphor,0
deserted friendship,A144N9R7W4H67O,metaphor,0
clear-cut solution,A144N9R7W4H67O,metaphor,0
clear-cut solution,A144N9R7W4H67O,metaphor,100
cultural impediment,AA8PZKO9XGCKO,metaphor,86
cultural impediment,AA8PZKO9XGCKO,metaphor,58
durable middle-class,AA8PZKO9XGCKO,metaphor,100
durable middle-class,AA8PZKO9XGCKO,metaphor,87
dirty deeds,AA8PZKO9XGCKO,metaphor,100
dirty deeds,AA8PZKO9XGCKO,metaphor,100
economic laggard,AA8PZKO9XGCKO,metaphor,0
economic laggard,AA8PZKO9XGCKO,metaphor,100
balanced growth,AA8PZKO9XGCKO,metaphor,95
balanced growth,AA8PZKO9XGCKO,metaphor,77
deserted friendship,AA8PZKO9XGCKO,metaphor,0
deserted friendship,AA8PZKO9XGCKO,metaphor,0
corrosive corruption,AA8PZKO9XGCKO,metaphor,75
corrosive corruption,AA8PZKO9XGCKO,metaphor,100
dehumanizing poverty,AA8PZKO9XGCKO,metaphor,76
dehumanizing poverty,AA8PZKO9XGCKO,metaphor,100
crushing neglect,AA8PZKO9XGCKO,metaphor,0
crushing neglect,AA8PZKO9XGCKO,metaphor,78
economic prescription,AA8PZKO9XGCKO,metaphor,0
economic prescription,AA8PZKO9XGCKO,metaphor,0
economic medicine,AA8PZKO9XGCKO,metaphor,0
economic medicine,AA8PZKO9XGCKO,metaphor,0
ageless rhythms,AA8PZKO9XGCKO,metaphor,100
ageless rhythms,AA8PZKO9XGCKO,metaphor,100
economic sphere,A2W3I2GBGDB637,metaphor,94
economic sphere,A2W3I2GBGDB637,metaphor,100
chronic poverty,A2W3I2GBGDB637,metaphor,100
chronic poverty,A2W3I2GBGDB637,metaphor,100
economic tapestry,A2W3I2GBGDB637,metaphor,14
economic tapestry,A2W3I2GBGDB637,metaphor,0
deep-rooted tradition,A2W3I2GBGDB637,metaphor,100
deep-rooted tradition,A2W3I2GBGDB637,metaphor,100
clear responsibility,A2W3I2GBGDB637,metaphor,100
clear responsibility,A2W3I2GBGDB637,metaphor,100
economic pie,A2W3I2GBGDB637,metaphor,0
economic pie,A2W3I2GBGDB637,metaphor,0
dissolved time,A2W3I2GBGDB637,metaphor,91
dissolved time,A2W3I2GBGDB637,metaphor,100
clear-cut answer,A2W3I2GBGDB637,metaphor,100
clear-cut answer,A2W3I2GBGDB637,metaphor,80
burdened service,A2W3I2GBGDB637,metaphor,92
burdened service,A2W3I2GBGDB637,metaphor,95
economic force,A2W3I2GBGDB637,metaphor,92
economic force,A2W3I2GBGDB637,metaphor,89
broken hope,A2W3I2GBGDB637,metaphor,100
broken hope,A2W3I2GBGDB637,metaphor,82
economic meltdown,A2W3I2GBGDB637,metaphor,95
economic meltdown,A2W3I2GBGDB637,metaphor,81
deflated pride,A2PXJTMWGUE5DC,metaphor,99
deflated pride,A2PXJTMWGUE5DC,metaphor,0
burning soul,A2PXJTMWGUE5DC,metaphor,99
burning soul,A2PXJTMWGUE5DC,metaphor,99
deeper poverty,A2PXJTMWGUE5DC,metaphor,1
deeper poverty,A2PXJTMWGUE5DC,metaphor,1
acute poverty,A2PXJTMWGUE5DC,metaphor,97
acute poverty,A2PXJTMWGUE5DC,metaphor,97
cold appearance,A2PXJTMWGUE5DC,metaphor,19
cold appearance,A2PXJTMWGUE5DC,metaphor,91
deep-rooted belief,A2PXJTMWGUE5DC,metaphor,77
deep-rooted belief,A2PXJTMWGUE5DC,metaphor,98
economic revitalization,A2PXJTMWGUE5DC,metaphor,59
economic revitalization,A2PXJTMWGUE5DC,metaphor,89
dirty desires,A2PXJTMWGUE5DC,metaphor,16
dirty desires,A2PXJTMWGUE5DC,metaphor,87
dim reminder,A2PXJTMWGUE5DC,metaphor,91
dim reminder,A2PXJTMWGUE5DC,metaphor,43
balanced growth,A2PXJTMWGUE5DC,metaphor,89
balanced growth,A2PXJTMWGUE5DC,metaphor,83
crushing cycle,A2PXJTMWGUE5DC,metaphor,26
crushing cycle,A2PXJTMWGUE5DC,metaphor,91
deep poverty,A2PXJTMWGUE5DC,metaphor,62
deep poverty,A2PXJTMWGUE5DC,metaphor,96
criminal path,A3LT7W355XOAKF,metaphor,100
criminal path,A3LT7W355XOAKF,metaphor,12
crushing unemployment,A3LT7W355XOAKF,metaphor,84
crushing unemployment,A3LT7W355XOAKF,metaphor,100
economic prescription,A3LT7W355XOAKF,metaphor,100
economic prescription,A3LT7W355XOAKF,metaphor,0
blind optimism,A3LT7W355XOAKF,metaphor,17
blind optimism,A3LT7W355XOAKF,metaphor,0
deepening crisis,A3LT7W355XOAKF,metaphor,62
deepening crisis,A3LT7W355XOAKF,metaphor,100
economic pie,A3LT7W355XOAKF,metaphor,15
economic pie,A3LT7W355XOAKF,metaphor,64
economic meltdown,A3LT7W355XOAKF,metaphor,8
economic meltdown,A3LT7W355XOAKF,metaphor,88
deep inequality,A3LT7W355XOAKF,metaphor,13
deep inequality,A3LT7W355XOAKF,metaphor,89
dynamic company,A3LT7W355XOAKF,metaphor,100
dynamic company,A3LT7W355XOAKF,metaphor,100
acute poverty,A3LT7W355XOAKF,metaphor,91
acute poverty,A3LT7W355XOAKF,metaphor,84
crushing cycle,A3LT7W355XOAKF,metaphor,71
crushing cycle,A3LT7W355XOAKF,metaphor,100
breakneck expansion,A3LT7W355XOAKF,metaphor,87
breakneck expansion,A3LT7W355XOAKF,metaphor,91
deserted friendship,A2T7GR2Y72FY0K,metaphor,0
deserted friendship,A2T7GR2Y72FY0K,metaphor,0
economic medicine,A2T7GR2Y72FY0K,metaphor,100
economic medicine,A2T7GR2Y72FY0K,metaphor,100
economic field,A2T7GR2Y72FY0K,metaphor,100
economic field,A2T7GR2Y72FY0K,metaphor,100
economic rise,A2T7GR2Y72FY0K,metaphor,100
economic rise,A2T7GR2Y72FY0K,metaphor,0
blossoming industry,A2T7GR2Y72FY0K,metaphor,100
blossoming industry,A2T7GR2Y72FY0K,metaphor,100
bloated spending,A2T7GR2Y72FY0K,metaphor,100
bloated spending,A2T7GR2Y72FY0K,metaphor,100
crisscrossed chaos,A2T7GR2Y72FY0K,metaphor,0
crisscrossed chaos,A2T7GR2Y72FY0K,metaphor,0
draining expense,A2T7GR2Y72FY0K,metaphor,0
draining expense,A2T7GR2Y72FY0K,metaphor,100
broken hope,A2T7GR2Y72FY0K,metaphor,100
broken hope,A2T7GR2Y72FY0K,metaphor,0
desolate beauty,A2T7GR2Y72FY0K,metaphor,100
desolate beauty,A2T7GR2Y72FY0K,metaphor,100
cloudy prospect,A2T7GR2Y72FY0K,metaphor,100
cloudy prospect,A2T7GR2Y72FY0K,metaphor,100
crushing misery,A2T7GR2Y72FY0K,metaphor,0
crushing misery,A2T7GR2Y72FY0K,metaphor,100
crippling awkwardness,ACON9O9NMFOHE,metaphor,100
crippling awkwardness,ACON9O9NMFOHE,metaphor,0
ecological collapse,ACON9O9NMFOHE,metaphor,100
ecological collapse,ACON9O9NMFOHE,metaphor,100
dynamic personality,ACON9O9NMFOHE,metaphor,100
dynamic personality,ACON9O9NMFOHE,metaphor,100
economic force,ACON9O9NMFOHE,metaphor,100
economic force,ACON9O9NMFOHE,metaphor,0
backward tradition,ACON9O9NMFOHE,metaphor,100
backward tradition,ACON9O9NMFOHE,metaphor,100
crushing cycle,ACON9O9NMFOHE,metaphor,100
crushing cycle,ACON9O9NMFOHE,metaphor,0
acute poverty,ACON9O9NMFOHE,metaphor,100
acute poverty,ACON9O9NMFOHE,metaphor,100
dirty desires,ACON9O9NMFOHE,metaphor,0
dirty desires,ACON9O9NMFOHE,metaphor,100
dark passion,ACON9O9NMFOHE,metaphor,100
dark passion,ACON9O9NMFOHE,metaphor,100
biting look,ACON9O9NMFOHE,metaphor,92
biting look,ACON9O9NMFOHE,metaphor,0
crushing difficulty,ACON9O9NMFOHE,metaphor,0
crushing difficulty,ACON9O9NMFOHE,metaphor,100
economic tapestry,ACON9O9NMFOHE,metaphor,0
economic tapestry,ACON9O9NMFOHE,metaphor,100
dissolved time,A2XTK2B7R27RBG,metaphor,25
dissolved time,A2XTK2B7R27RBG,metaphor,15
compassionate budget,A2XTK2B7R27RBG,metaphor,9
compassionate budget,A2XTK2B7R27RBG,metaphor,93
economic slide,A2XTK2B7R27RBG,metaphor,7
economic slide,A2XTK2B7R27RBG,metaphor,7
criminal path,A2XTK2B7R27RBG,metaphor,92
criminal path,A2XTK2B7R27RBG,metaphor,5
broken melody,A2XTK2B7R27RBG,metaphor,91
broken melody,A2XTK2B7R27RBG,metaphor,95
economic heap,A2XTK2B7R27RBG,metaphor,4
economic heap,A2XTK2B7R27RBG,metaphor,3
blue feelings,A2XTK2B7R27RBG,metaphor,5
blue feelings,A2XTK2B7R27RBG,metaphor,4
economic force,A2XTK2B7R27RBG,metaphor,97
economic force,A2XTK2B7R27RBG,metaphor,5
crippling awkwardness,A2XTK2B7R27RBG,metaphor,97
crippling awkwardness,A2XTK2B7R27RBG,metaphor,4
crushing difficulty,A2XTK2B7R27RBG,metaphor,98
crushing difficulty,A2XTK2B7R27RBG,metaphor,3
deepening crisis,A2XTK2B7R27RBG,metaphor,5
deepening crisis,A2XTK2B7R27RBG,metaphor,3
cloudy prospect,A2XTK2B7R27RBG,metaphor,97
cloudy prospect,A2XTK2B7R27RBG,metaphor,97
clouded future,A36CQIFWEDEECU,metaphor,100
clouded future,A36CQIFWEDEECU,metaphor,100
crippling awkwardness,A36CQIFWEDEECU,metaphor,0
crippling awkwardness,A36CQIFWEDEECU,metaphor,0
dimmed prospect,A36CQIFWEDEECU,metaphor,0
dimmed prospect,A36CQIFWEDEECU,metaphor,100
economic rise,A36CQIFWEDEECU,metaphor,0
economic rise,A36CQIFWEDEECU,metaphor,0
academic gap,A36CQIFWEDEECU,metaphor,100
academic gap,A36CQIFWEDEECU,metaphor,0
deep rank,A36CQIFWEDEECU,metaphor,0
deep rank,A36CQIFWEDEECU,metaphor,0
broken hope,A36CQIFWEDEECU,metaphor,100
broken hope,A36CQIFWEDEECU,metaphor,0
dead money,A36CQIFWEDEECU,metaphor,0
dead money,A36CQIFWEDEECU,metaphor,0
economic revitalization,A36CQIFWEDEECU,metaphor,0
economic revitalization,A36CQIFWEDEECU,metaphor,0
crushing effect,A36CQIFWEDEECU,metaphor,100
crushing effect,A36CQIFWEDEECU,metaphor,0
durable class,A36CQIFWEDEECU,metaphor,100
durable class,A36CQIFWEDEECU,metaphor,0
crushing neglect,A36CQIFWEDEECU,metaphor,0
crushing neglect,A36CQIFWEDEECU,metaphor,100
ballooning expenditure,A19WFIR31Z74EN,metaphor,0
ballooning expenditure,A19WFIR31Z74EN,metaphor,100
corporate pie,A19WFIR31Z74EN,metaphor,0
corporate pie,A19WFIR31Z74EN,metaphor,0
crushing ignorance,A19WFIR31Z74EN,metaphor,0
crushing ignorance,A19WFIR31Z74EN,metaphor,0
backbreaking rent,A19WFIR31Z74EN,metaphor,0
backbreaking rent,A19WFIR31Z74EN,metaphor,100
dodgy bar,A19WFIR31Z74EN,metaphor,100
dodgy bar,A19WFIR31Z74EN,metaphor,100
crushing hunger,A19WFIR31Z74EN,metaphor,100
crushing hunger,A19WFIR31Z74EN,metaphor,100
chronic poverty,A19WFIR31Z74EN,metaphor,100
chronic poverty,A19WFIR31Z74EN,metaphor,100
corrosive corruption,A19WFIR31Z74EN,metaphor,0
corrosive corruption,A19WFIR31Z74EN,metaphor,100
backward tradition,A19WFIR31Z74EN,metaphor,100
backward tradition,A19WFIR31Z74EN,metaphor,100
dark passion,A19WFIR31Z74EN,metaphor,100
dark passion,A19WFIR31Z74EN,metaphor,100
dynamic company,A19WFIR31Z74EN,metaphor,100
dynamic company,A19WFIR31Z74EN,metaphor,100
economic pie,A19WFIR31Z74EN,metaphor,100
economic pie,A19WFIR31Z74EN,metaphor,100
crushing ignorance,A1160COTUR26JZ,metaphor,100
crushing ignorance,A1160COTUR26JZ,metaphor,100
deep analysis,A1160COTUR26JZ,metaphor,100
deep analysis,A1160COTUR26JZ,metaphor,0
deflated meaning,A1160COTUR26JZ,metaphor,0
deflated meaning,A1160COTUR26JZ,metaphor,100
colorful remark,A1160COTUR26JZ,metaphor,100
colorful remark,A1160COTUR26JZ,metaphor,0
choked gullies,A1160COTUR26JZ,metaphor,100
choked gullies,A1160COTUR26JZ,metaphor,100
blind optimism,A1160COTUR26JZ,metaphor,100
blind optimism,A1160COTUR26JZ,metaphor,0
crushing neglect,A1160COTUR26JZ,metaphor,0
crushing neglect,A1160COTUR26JZ,metaphor,100
civic fabric,A1160COTUR26JZ,metaphor,0
civic fabric,A1160COTUR26JZ,metaphor,0
clear-cut answer,A1160COTUR26JZ,metaphor,0
clear-cut answer,A1160COTUR26JZ,metaphor,100
economic revitalization,A1160COTUR26JZ,metaphor,100
economic revitalization,A1160COTUR26JZ,metaphor,100
bottled passion,A1160COTUR26JZ,metaphor,100
bottled passion,A1160COTUR26JZ,metaphor,0
deserted friendship,A1160COTUR26JZ,metaphor,100
deserted friendship,A1160COTUR26JZ,metaphor,100
broken melody,A3VZ5K4RRT6NN8,metaphor,0
broken melody,A3VZ5K4RRT6NN8,metaphor,100
dim reminder,A3VZ5K4RRT6NN8,metaphor,0
dim reminder,A3VZ5K4RRT6NN8,metaphor,100
ageless rhythms,A3VZ5K4RRT6NN8,metaphor,100
ageless rhythms,A3VZ5K4RRT6NN8,metaphor,0
economic force,A3VZ5K4RRT6NN8,metaphor,0
economic force,A3VZ5K4RRT6NN8,metaphor,0
durable middle-class,A3VZ5K4RRT6NN8,metaphor,0
durable middle-class,A3VZ5K4RRT6NN8,metaphor,0
bottled passion,A3VZ5K4RRT6NN8,metaphor,0
bottled passion,A3VZ5K4RRT6NN8,metaphor,0
deep-rooted tradition,A3VZ5K4RRT6NN8,metaphor,100
deep-rooted tradition,A3VZ5K4RRT6NN8,metaphor,100
cold appearance,A3VZ5K4RRT6NN8,metaphor,0
cold appearance,A3VZ5K4RRT6NN8,metaphor,100
collapsing health,A3VZ5K4RRT6NN8,metaphor,0
collapsing health,A3VZ5K4RRT6NN8,metaphor,0
clouded future,A3VZ5K4RRT6NN8,metaphor,100
clouded future,A3VZ5K4RRT6NN8,metaphor,100
ecological collapse,A3VZ5K4RRT6NN8,metaphor,0
ecological collapse,A3VZ5K4RRT6NN8,metaphor,0
clear-cut answer,A3VZ5K4RRT6NN8,metaphor,0
clear-cut answer,A3VZ5K4RRT6NN8,metaphor,0
blue feelings,A31FD3QCYZ28Q2,metaphor,0
blue feelings,A31FD3QCYZ28Q2,metaphor,1
civic fabric,A31FD3QCYZ28Q2,metaphor,24
civic fabric,A31FD3QCYZ28Q2,metaphor,99
blue obscurity,A31FD3QCYZ28Q2,metaphor,61
blue obscurity,A31FD3QCYZ28Q2,metaphor,72
cut-throat competition,A31FD3QCYZ28Q2,metaphor,79
cut-throat competition,A31FD3QCYZ28Q2,metaphor,0
deep analysis,A31FD3QCYZ28Q2,metaphor,100
deep analysis,A31FD3QCYZ28Q2,metaphor,37
bloated spending,A31FD3QCYZ28Q2,metaphor,100
bloated spending,A31FD3QCYZ28Q2,metaphor,100
desolate beauty,A31FD3QCYZ28Q2,metaphor,100
desolate beauty,A31FD3QCYZ28Q2,metaphor,100
bottled passion,A31FD3QCYZ28Q2,metaphor,0
bottled passion,A31FD3QCYZ28Q2,metaphor,0
economic force,A31FD3QCYZ28Q2,metaphor,100
economic force,A31FD3QCYZ28Q2,metaphor,100
acute poverty,A31FD3QCYZ28Q2,metaphor,100
acute poverty,A31FD3QCYZ28Q2,metaphor,100
deeper poverty,A31FD3QCYZ28Q2,metaphor,100
deeper poverty,A31FD3QCYZ28Q2,metaphor,100
cold justice,A31FD3QCYZ28Q2,metaphor,100
cold justice,A31FD3QCYZ28Q2,metaphor,0
economic tapestry,A2JLGN3H2PKDHC,metaphor,70
economic tapestry,A2JLGN3H2PKDHC,metaphor,68
economic force,A2JLGN3H2PKDHC,metaphor,54
economic force,A2JLGN3H2PKDHC,metaphor,65
broken melody,A2JLGN3H2PKDHC,metaphor,84
broken melody,A2JLGN3H2PKDHC,metaphor,63
economic sphere,A2JLGN3H2PKDHC,metaphor,62
economic sphere,A2JLGN3H2PKDHC,metaphor,33
backward tradition,A2JLGN3H2PKDHC,metaphor,79
backward tradition,A2JLGN3H2PKDHC,metaphor,70
cloudy prospect,A2JLGN3H2PKDHC,metaphor,84
cloudy prospect,A2JLGN3H2PKDHC,metaphor,74
deep-rooted belief,A2JLGN3H2PKDHC,metaphor,75
deep-rooted belief,A2JLGN3H2PKDHC,metaphor,87
deserted relationships,A2JLGN3H2PKDHC,metaphor,72
deserted relationships,A2JLGN3H2PKDHC,metaphor,85
blind hate,A2JLGN3H2PKDHC,metaphor,85
blind hate,A2JLGN3H2PKDHC,metaphor,54
economic laggard,A2JLGN3H2PKDHC,metaphor,86
economic laggard,A2JLGN3H2PKDHC,metaphor,72
economic meltdown,A2JLGN3H2PKDHC,metaphor,74
economic meltdown,A2JLGN3H2PKDHC,metaphor,71
acute ignorance,A2JLGN3H2PKDHC,metaphor,63
acute ignorance,A2JLGN3H2PKDHC,metaphor,71
burning soul,A3KC385CZNYEG5,metaphor,100
burning soul,A3KC385CZNYEG5,metaphor,100
cut-throat competition,A3KC385CZNYEG5,metaphor,0
cut-throat competition,A3KC385CZNYEG5,metaphor,0
economic medicine,A3KC385CZNYEG5,metaphor,73
economic medicine,A3KC385CZNYEG5,metaphor,26
crippling awkwardness,A3KC385CZNYEG5,metaphor,100
crippling awkwardness,A3KC385CZNYEG5,metaphor,67
breakneck expansion,A3KC385CZNYEG5,metaphor,100
breakneck expansion,A3KC385CZNYEG5,metaphor,71
blue obscurity,A3KC385CZNYEG5,metaphor,0
blue obscurity,A3KC385CZNYEG5,metaphor,0
balanced growth,A3KC385CZNYEG5,metaphor,100
balanced growth,A3KC385CZNYEG5,metaphor,75
broken melody,A3KC385CZNYEG5,metaphor,66
broken melody,A3KC385CZNYEG5,metaphor,100
economic heap,A3KC385CZNYEG5,metaphor,67
economic heap,A3KC385CZNYEG5,metaphor,0
economic battle,A3KC385CZNYEG5,metaphor,0
economic battle,A3KC385CZNYEG5,metaphor,77
deep rank,A3KC385CZNYEG5,metaphor,0
deep rank,A3KC385CZNYEG5,metaphor,0
economic mobility,A3KC385CZNYEG5,metaphor,78
economic mobility,A3KC385CZNYEG5,metaphor,69
dynamic personality,A32U64W0S9PUA3,metaphor,100
dynamic personality,A32U64W0S9PUA3,metaphor,100
deep inequality,A32U64W0S9PUA3,metaphor,69
deep inequality,A32U64W0S9PUA3,metaphor,89
biting look,A32U64W0S9PUA3,metaphor,1
biting look,A32U64W0S9PUA3,metaphor,100
choked gullies,A32U64W0S9PUA3,metaphor,96
choked gullies,A32U64W0S9PUA3,metaphor,1
deflated emotions,A32U64W0S9PUA3,metaphor,0
deflated emotions,A32U64W0S9PUA3,metaphor,0
crushing effect,A32U64W0S9PUA3,metaphor,71
crushing effect,A32U64W0S9PUA3,metaphor,100
crushing cycle,A32U64W0S9PUA3,metaphor,96
crushing cycle,A32U64W0S9PUA3,metaphor,1
deep rank,A32U64W0S9PUA3,metaphor,94
deep rank,A32U64W0S9PUA3,metaphor,0
burning soul,A32U64W0S9PUA3,metaphor,96
burning soul,A32U64W0S9PUA3,metaphor,95
colorful personality,A32U64W0S9PUA3,metaphor,93
colorful personality,A32U64W0S9PUA3,metaphor,62
blue feelings,A32U64W0S9PUA3,metaphor,0
blue feelings,A32U64W0S9PUA3,metaphor,1
burdened service,A32U64W0S9PUA3,metaphor,0
burdened service,A32U64W0S9PUA3,metaphor,77
economic destruction,A192MH226Q1NT4,metaphor,47
economic destruction,A192MH226Q1NT4,metaphor,100
cultural strength,A192MH226Q1NT4,metaphor,100
cultural strength,A192MH226Q1NT4,metaphor,49
ballooning expenditure,A192MH226Q1NT4,metaphor,100
ballooning expenditure,A192MH226Q1NT4,metaphor,0
criminal path,A192MH226Q1NT4,metaphor,100
criminal path,A192MH226Q1NT4,metaphor,0
economic heap,A192MH226Q1NT4,metaphor,0
economic heap,A192MH226Q1NT4,metaphor,0
compassionate budget,A192MH226Q1NT4,metaphor,100
compassionate budget,A192MH226Q1NT4,metaphor,100
economic battle,A192MH226Q1NT4,metaphor,100
economic battle,A192MH226Q1NT4,metaphor,100
backbreaking rent,A192MH226Q1NT4,metaphor,0
backbreaking rent,A192MH226Q1NT4,metaphor,0
clouded future,A192MH226Q1NT4,metaphor,100
clouded future,A192MH226Q1NT4,metaphor,100
blazing desolation,A192MH226Q1NT4,metaphor,100
blazing desolation,A192MH226Q1NT4,metaphor,0
deflated joke,A192MH226Q1NT4,metaphor,0
deflated joke,A192MH226Q1NT4,metaphor,73
ecological collapse,A192MH226Q1NT4,metaphor,100
ecological collapse,A192MH226Q1NT4,metaphor,0
clear responsibility,A37S96RT1P1IT2,metaphor,100
clear responsibility,A37S96RT1P1IT2,metaphor,100
blind hate,A37S96RT1P1IT2,metaphor,0
blind hate,A37S96RT1P1IT2,metaphor,0
blind optimism,A37S96RT1P1IT2,metaphor,100
blind optimism,A37S96RT1P1IT2,metaphor,0
dynamic personality,A37S96RT1P1IT2,metaphor,0
dynamic personality,A37S96RT1P1IT2,metaphor,100
crippling awkwardness,A37S96RT1P1IT2,metaphor,100
crippling awkwardness,A37S96RT1P1IT2,metaphor,0
colliding contradiction,A37S96RT1P1IT2,metaphor,0
colliding contradiction,A37S96RT1P1IT2,metaphor,100
economic field,A37S96RT1P1IT2,metaphor,0
economic field,A37S96RT1P1IT2,metaphor,100
biting look,A37S96RT1P1IT2,metaphor,0
biting look,A37S96RT1P1IT2,metaphor,100
crushing misery,A37S96RT1P1IT2,metaphor,100
crushing misery,A37S96RT1P1IT2,metaphor,100
economic prescription,A37S96RT1P1IT2,metaphor,0
economic prescription,A37S96RT1P1IT2,metaphor,0
economic sphere,A37S96RT1P1IT2,metaphor,100
economic sphere,A37S96RT1P1IT2,metaphor,0
ballooning expenditure,A37S96RT1P1IT2,metaphor,100
ballooning expenditure,A37S96RT1P1IT2,metaphor,100
economic sphere,A2JP9IKRHNLRPI,metaphor,100
economic sphere,A2JP9IKRHNLRPI,metaphor,0
blue obscurity,A2JP9IKRHNLRPI,metaphor,0
blue obscurity,A2JP9IKRHNLRPI,metaphor,0
balanced growth,A2JP9IKRHNLRPI,metaphor,100
balanced growth,A2JP9IKRHNLRPI,metaphor,0
cultural strength,A2JP9IKRHNLRPI,metaphor,100
cultural strength,A2JP9IKRHNLRPI,metaphor,0
colorful personality,A2JP9IKRHNLRPI,metaphor,100
colorful personality,A2JP9IKRHNLRPI,metaphor,100
economic field,A2JP9IKRHNLRPI,metaphor,100
economic field,A2JP9IKRHNLRPI,metaphor,100
broken melody,A2JP9IKRHNLRPI,metaphor,0
broken melody,A2JP9IKRHNLRPI,metaphor,0
crisscrossed chaos,A2JP9IKRHNLRPI,metaphor,0
crisscrossed chaos,A2JP9IKRHNLRPI,metaphor,0
ballooning expenditure,A2JP9IKRHNLRPI,metaphor,100
ballooning expenditure,A2JP9IKRHNLRPI,metaphor,100
biting look,A2JP9IKRHNLRPI,metaphor,0
biting look,A2JP9IKRHNLRPI,metaphor,100
deflated pride,A2JP9IKRHNLRPI,metaphor,100
deflated pride,A2JP9IKRHNLRPI,metaphor,0
crushing unemployment,A2JP9IKRHNLRPI,metaphor,0
crushing unemployment,A2JP9IKRHNLRPI,metaphor,100
economic prescription,A11UBOE8N877JJ,metaphor,0
economic prescription,A11UBOE8N877JJ,metaphor,0
dim reminder,A11UBOE8N877JJ,metaphor,100
dim reminder,A11UBOE8N877JJ,metaphor,100
backbreaking rent,A11UBOE8N877JJ,metaphor,100
backbreaking rent,A11UBOE8N877JJ,metaphor,100
ecological collapse,A11UBOE8N877JJ,metaphor,100
ecological collapse,A11UBOE8N877JJ,metaphor,100
cultural strength,A11UBOE8N877JJ,metaphor,100
cultural strength,A11UBOE8N877JJ,metaphor,100
deflated pride,A11UBOE8N877JJ,metaphor,0
deflated pride,A11UBOE8N877JJ,metaphor,0
dynamic personality,A11UBOE8N877JJ,metaphor,100
dynamic personality,A11UBOE8N877JJ,metaphor,100
backward area,A11UBOE8N877JJ,metaphor,0
backward area,A11UBOE8N877JJ,metaphor,0
blazing desolation,A11UBOE8N877JJ,metaphor,100
blazing desolation,A11UBOE8N877JJ,metaphor,0
backward tradition,A11UBOE8N877JJ,metaphor,0
backward tradition,A11UBOE8N877JJ,metaphor,52
draining expense,A11UBOE8N877JJ,metaphor,100
draining expense,A11UBOE8N877JJ,metaphor,100
chronic poverty,A11UBOE8N877JJ,metaphor,100
chronic poverty,A11UBOE8N877JJ,metaphor,100
crushing cycle,A1JVO7FLPATHUB,metaphor,32
crushing cycle,A1JVO7FLPATHUB,metaphor,65
dodgy bar,A1JVO7FLPATHUB,metaphor,100
dodgy bar,A1JVO7FLPATHUB,metaphor,100
crippling awkwardness,A1JVO7FLPATHUB,metaphor,99
crippling awkwardness,A1JVO7FLPATHUB,metaphor,10
clear responsibility,A1JVO7FLPATHUB,metaphor,100
clear responsibility,A1JVO7FLPATHUB,metaphor,37
corporate pie,A1JVO7FLPATHUB,metaphor,19
corporate pie,A1JVO7FLPATHUB,metaphor,0
economic revitalization,A1JVO7FLPATHUB,metaphor,0
economic revitalization,A1JVO7FLPATHUB,metaphor,52
durable middle-class,A1JVO7FLPATHUB,metaphor,0
durable middle-class,A1JVO7FLPATHUB,metaphor,100
deflated pride,A1JVO7FLPATHUB,metaphor,22
deflated pride,A1JVO7FLPATHUB,metaphor,100
desolate beauty,A1JVO7FLPATHUB,metaphor,100
desolate beauty,A1JVO7FLPATHUB,metaphor,0
blind optimism,A1JVO7FLPATHUB,metaphor,100
blind optimism,A1JVO7FLPATHUB,metaphor,0
blue feelings,A1JVO7FLPATHUB,metaphor,0
blue feelings,A1JVO7FLPATHUB,metaphor,0
dead money,A1JVO7FLPATHUB,metaphor,0
dead money,A1JVO7FLPATHUB,metaphor,0
economic laggard,A31D9Q3SUR0VUU,metaphor,100
economic laggard,A31D9Q3SUR0VUU,metaphor,0
breakneck expansion,A31D9Q3SUR0VUU,metaphor,100
breakneck expansion,A31D9Q3SUR0VUU,metaphor,100
economic pie,A31D9Q3SUR0VUU,metaphor,74
economic pie,A31D9Q3SUR0VUU,metaphor,100
burning soul,A31D9Q3SUR0VUU,metaphor,100
burning soul,A31D9Q3SUR0VUU,metaphor,100
crushing misery,A31D9Q3SUR0VUU,metaphor,100
crushing misery,A31D9Q3SUR0VUU,metaphor,100
ecological collapse,A31D9Q3SUR0VUU,metaphor,59
ecological collapse,A31D9Q3SUR0VUU,metaphor,100
corrosive corruption,A31D9Q3SUR0VUU,metaphor,70
corrosive corruption,A31D9Q3SUR0VUU,metaphor,100
deserted friendship,A31D9Q3SUR0VUU,metaphor,26
deserted friendship,A31D9Q3SUR0VUU,metaphor,0
delicious agony,A31D9Q3SUR0VUU,metaphor,100
delicious agony,A31D9Q3SUR0VUU,metaphor,0
democratic vitality,A31D9Q3SUR0VUU,metaphor,100
democratic vitality,A31D9Q3SUR0VUU,metaphor,100
cultural impediment,A31D9Q3SUR0VUU,metaphor,100
cultural impediment,A31D9Q3SUR0VUU,metaphor,100
clear-cut answer,A31D9Q3SUR0VUU,metaphor,100
clear-cut answer,A31D9Q3SUR0VUU,metaphor,100
dehumanizing poverty,A3EG4C9T4F5DUR,metaphor,100
dehumanizing poverty,A3EG4C9T4F5DUR,metaphor,100
cut-throat competition,A3EG4C9T4F5DUR,metaphor,0
cut-throat competition,A3EG4C9T4F5DUR,metaphor,0
choked gullies,A3EG4C9T4F5DUR,metaphor,0
choked gullies,A3EG4C9T4F5DUR,metaphor,100
breakneck expansion,A3EG4C9T4F5DUR,metaphor,100
breakneck expansion,A3EG4C9T4F5DUR,metaphor,100
economic revitalization,A3EG4C9T4F5DUR,metaphor,100
economic revitalization,A3EG4C9T4F5DUR,metaphor,100
economic tapestry,A3EG4C9T4F5DUR,metaphor,100
economic tapestry,A3EG4C9T4F5DUR,metaphor,0
deflated joke,A3EG4C9T4F5DUR,metaphor,0
deflated joke,A3EG4C9T4F5DUR,metaphor,100
big weakness,A3EG4C9T4F5DUR,metaphor,0
big weakness,A3EG4C9T4F5DUR,metaphor,100
economic battle,A3EG4C9T4F5DUR,metaphor,100
economic battle,A3EG4C9T4F5DUR,metaphor,100
crushing difficulty,A3EG4C9T4F5DUR,metaphor,100
crushing difficulty,A3EG4C9T4F5DUR,metaphor,100
blue feelings,A3EG4C9T4F5DUR,metaphor,0
blue feelings,A3EG4C9T4F5DUR,metaphor,0
colorful personality,A3EG4C9T4F5DUR,metaphor,100
colorful personality,A3EG4C9T4F5DUR,metaphor,100
draining expense,A2DVV59R1CQU6T,metaphor,100
draining expense,A2DVV59R1CQU6T,metaphor,100
dirty desires,A2DVV59R1CQU6T,metaphor,0
dirty desires,A2DVV59R1CQU6T,metaphor,100
deflated pride,A2DVV59R1CQU6T,metaphor,100
deflated pride,A2DVV59R1CQU6T,metaphor,100
blind hate,A2DVV59R1CQU6T,metaphor,100
blind hate,A2DVV59R1CQU6T,metaphor,0
dim reminder,A2DVV59R1CQU6T,metaphor,100
dim reminder,A2DVV59R1CQU6T,metaphor,0
economic sphere,A2DVV59R1CQU6T,metaphor,0
economic sphere,A2DVV59R1CQU6T,metaphor,0
crushing ignorance,A2DVV59R1CQU6T,metaphor,100
crushing ignorance,A2DVV59R1CQU6T,metaphor,100
dirty deeds,A2DVV59R1CQU6T,metaphor,100
dirty deeds,A2DVV59R1CQU6T,metaphor,100
balanced growth,A2DVV59R1CQU6T,metaphor,100
balanced growth,A2DVV59R1CQU6T,metaphor,100
deeper poverty,A2DVV59R1CQU6T,metaphor,100
deeper poverty,A2DVV59R1CQU6T,metaphor,0
economic medicine,A2DVV59R1CQU6T,metaphor,100
economic medicine,A2DVV59R1CQU6T,metaphor,0
broken hope,A2DVV59R1CQU6T,metaphor,100
broken hope,A2DVV59R1CQU6T,metaphor,0
economic meltdown,A1FTGHYEU1T71Y,metaphor,0
economic meltdown,A1FTGHYEU1T71Y,metaphor,0
dehumanizing poverty,A1FTGHYEU1T71Y,metaphor,100
dehumanizing poverty,A1FTGHYEU1T71Y,metaphor,100
ageless rhythms,A1FTGHYEU1T71Y,metaphor,100
ageless rhythms,A1FTGHYEU1T71Y,metaphor,100
draining expense,A1FTGHYEU1T71Y,metaphor,0
draining expense,A1FTGHYEU1T71Y,metaphor,100
big weakness,A1FTGHYEU1T71Y,metaphor,0
big weakness,A1FTGHYEU1T71Y,metaphor,100
crushing hunger,A1FTGHYEU1T71Y,metaphor,100
crushing hunger,A1FTGHYEU1T71Y,metaphor,100
crushing unemployment,A1FTGHYEU1T71Y,metaphor,0
crushing unemployment,A1FTGHYEU1T71Y,metaphor,100
dim reminder,A1FTGHYEU1T71Y,metaphor,100
dim reminder,A1FTGHYEU1T71Y,metaphor,100
deserted relationships,A1FTGHYEU1T71Y,metaphor,100
deserted relationships,A1FTGHYEU1T71Y,metaphor,100
collapsing health,A1FTGHYEU1T71Y,metaphor,100
collapsing health,A1FTGHYEU1T71Y,metaphor,0
backward area,A1FTGHYEU1T71Y,metaphor,100
backward area,A1FTGHYEU1T71Y,metaphor,0
dimmed prospect,A1FTGHYEU1T71Y,metaphor,100
dimmed prospect,A1FTGHYEU1T71Y,metaphor,100
balanced growth,A1940HXCOGYQ33,metaphor,100
balanced growth,A1940HXCOGYQ33,metaphor,0
deep rank,A1940HXCOGYQ33,metaphor,0
deep rank,A1940HXCOGYQ33,metaphor,0
crisscrossed chaos,A1940HXCOGYQ33,metaphor,1
crisscrossed chaos,A1940HXCOGYQ33,metaphor,100
clouded future,A1940HXCOGYQ33,metaphor,0
clouded future,A1940HXCOGYQ33,metaphor,0
crushing cycle,A1940HXCOGYQ33,metaphor,100
crushing cycle,A1940HXCOGYQ33,metaphor,0
durable middle-class,A1940HXCOGYQ33,metaphor,0
durable middle-class,A1940HXCOGYQ33,metaphor,0
deflated emotions,A1940HXCOGYQ33,metaphor,0
deflated emotions,A1940HXCOGYQ33,metaphor,0
cultural strength,A1940HXCOGYQ33,metaphor,100
cultural strength,A1940HXCOGYQ33,metaphor,100
deep poverty,A1940HXCOGYQ33,metaphor,100
deep poverty,A1940HXCOGYQ33,metaphor,0
deserted friendship,A1940HXCOGYQ33,metaphor,0
deserted friendship,A1940HXCOGYQ33,metaphor,0
crushing ignorance,A1940HXCOGYQ33,metaphor,0
crushing ignorance,A1940HXCOGYQ33,metaphor,100
ecological collapse,A1940HXCOGYQ33,metaphor,100
ecological collapse,A1940HXCOGYQ33,metaphor,100
economic pie,A1L92Y6VBTRFP5,metaphor,16
economic pie,A1L92Y6VBTRFP5,metaphor,18
corporate pie,A1L92Y6VBTRFP5,metaphor,18
corporate pie,A1L92Y6VBTRFP5,metaphor,17
dead money,A1L92Y6VBTRFP5,metaphor,18
dead money,A1L92Y6VBTRFP5,metaphor,86
durable middle-class,A1L92Y6VBTRFP5,metaphor,74
durable middle-class,A1L92Y6VBTRFP5,metaphor,52
economic field,A1L92Y6VBTRFP5,metaphor,79
economic field,A1L92Y6VBTRFP5,metaphor,77
acute poverty,A1L92Y6VBTRFP5,metaphor,78
acute poverty,A1L92Y6VBTRFP5,metaphor,79
clear responsibility,A1L92Y6VBTRFP5,metaphor,83
clear responsibility,A1L92Y6VBTRFP5,metaphor,19
backward tradition,A1L92Y6VBTRFP5,metaphor,83
backward tradition,A1L92Y6VBTRFP5,metaphor,82
dodgy bar,A1L92Y6VBTRFP5,metaphor,81
dodgy bar,A1L92Y6VBTRFP5,metaphor,80
deflated joke,A1L92Y6VBTRFP5,metaphor,81
deflated joke,A1L92Y6VBTRFP5,metaphor,22
colorful personality,A1L92Y6VBTRFP5,metaphor,85
colorful personality,A1L92Y6VBTRFP5,metaphor,84
economic battle,A1L92Y6VBTRFP5,metaphor,85
economic battle,A1L92Y6VBTRFP5,metaphor,82
democratic vitality,A326O3VWP8TO8N,metaphor,17
democratic vitality,A326O3VWP8TO8N,metaphor,16
burdened service,A326O3VWP8TO8N,metaphor,2
burdened service,A326O3VWP8TO8N,metaphor,93
backbreaking rent,A326O3VWP8TO8N,metaphor,73
backbreaking rent,A326O3VWP8TO8N,metaphor,92
delicious agony,A326O3VWP8TO8N,metaphor,86
delicious agony,A326O3VWP8TO8N,metaphor,64
ecological collapse,A326O3VWP8TO8N,metaphor,86
ecological collapse,A326O3VWP8TO8N,metaphor,80
deep solitude,A326O3VWP8TO8N,metaphor,11
deep solitude,A326O3VWP8TO8N,metaphor,83
dark passion,A326O3VWP8TO8N,metaphor,82
dark passion,A326O3VWP8TO8N,metaphor,17
economic prescription,A326O3VWP8TO8N,metaphor,41
economic prescription,A326O3VWP8TO8N,metaphor,10
crushing neglect,A326O3VWP8TO8N,metaphor,2
crushing neglect,A326O3VWP8TO8N,metaphor,79
colliding contradiction,A326O3VWP8TO8N,metaphor,27
colliding contradiction,A326O3VWP8TO8N,metaphor,81
economic battle,A326O3VWP8TO8N,metaphor,34
economic battle,A326O3VWP8TO8N,metaphor,85
blind elite,A326O3VWP8TO8N,metaphor,16
blind elite,A326O3VWP8TO8N,metaphor,14
economic rise,A2SO6K35NMGBB7,metaphor,100
economic rise,A2SO6K35NMGBB7,metaphor,0
biting look,A2SO6K35NMGBB7,metaphor,0
biting look,A2SO6K35NMGBB7,metaphor,100
blazing desolation,A2SO6K35NMGBB7,metaphor,100
blazing desolation,A2SO6K35NMGBB7,metaphor,100
colorful remark,A2SO6K35NMGBB7,metaphor,100
colorful remark,A2SO6K35NMGBB7,metaphor,100
economic prescription,A2SO6K35NMGBB7,metaphor,0
economic prescription,A2SO6K35NMGBB7,metaphor,0
cold justice,A2SO6K35NMGBB7,metaphor,0
cold justice,A2SO6K35NMGBB7,metaphor,0
deep analysis,A2SO6K35NMGBB7,metaphor,88
deep analysis,A2SO6K35NMGBB7,metaphor,0
colliding contradiction,A2SO6K35NMGBB7,metaphor,24
colliding contradiction,A2SO6K35NMGBB7,metaphor,73
cultural impediment,A2SO6K35NMGBB7,metaphor,78
cultural impediment,A2SO6K35NMGBB7,metaphor,81
corrosive corruption,A2SO6K35NMGBB7,metaphor,86
corrosive corruption,A2SO6K35NMGBB7,metaphor,79
desolate beauty,A2SO6K35NMGBB7,metaphor,100
desolate beauty,A2SO6K35NMGBB7,metaphor,89
ballooning expenditure,A2SO6K35NMGBB7,metaphor,100
ballooning expenditure,A2SO6K35NMGBB7,metaphor,86
deep inequality,A16SJ5D3DKUEXJ,metaphor,39
deep inequality,A16SJ5D3DKUEXJ,metaphor,65
economic sphere,A16SJ5D3DKUEXJ,metaphor,86
economic sphere,A16SJ5D3DKUEXJ,metaphor,0
economic muscle,A16SJ5D3DKUEXJ,metaphor,70
economic muscle,A16SJ5D3DKUEXJ,metaphor,66
economic tapestry,A16SJ5D3DKUEXJ,metaphor,100
economic tapestry,A16SJ5D3DKUEXJ,metaphor,0
ageless rhythms,A16SJ5D3DKUEXJ,metaphor,100
ageless rhythms,A16SJ5D3DKUEXJ,metaphor,100
ballooning expenditure,A16SJ5D3DKUEXJ,metaphor,100
ballooning expenditure,A16SJ5D3DKUEXJ,metaphor,100
cut-throat competition,A16SJ5D3DKUEXJ,metaphor,0
cut-throat competition,A16SJ5D3DKUEXJ,metaphor,0
backbreaking rent,A16SJ5D3DKUEXJ,metaphor,0
backbreaking rent,A16SJ5D3DKUEXJ,metaphor,75
crushing misery,A16SJ5D3DKUEXJ,metaphor,40
crushing misery,A16SJ5D3DKUEXJ,metaphor,100
deeper poverty,A16SJ5D3DKUEXJ,metaphor,100
deeper poverty,A16SJ5D3DKUEXJ,metaphor,0
blue feelings,A16SJ5D3DKUEXJ,metaphor,0
blue feelings,A16SJ5D3DKUEXJ,metaphor,60
economic pie,A16SJ5D3DKUEXJ,metaphor,0
economic pie,A16SJ5D3DKUEXJ,metaphor,20
economic field,A149ROBL26JWPJ,metaphor,79
economic field,A149ROBL26JWPJ,metaphor,83
economic slide,A149ROBL26JWPJ,metaphor,40
economic slide,A149ROBL26JWPJ,metaphor,58
dead money,A149ROBL26JWPJ,metaphor,21
dead money,A149ROBL26JWPJ,metaphor,57
broken hope,A149ROBL26JWPJ,metaphor,63
broken hope,A149ROBL26JWPJ,metaphor,41
backbreaking rent,A149ROBL26JWPJ,metaphor,41
backbreaking rent,A149ROBL26JWPJ,metaphor,41
dirty deeds,A149ROBL26JWPJ,metaphor,78
dirty deeds,A149ROBL26JWPJ,metaphor,91
blue feelings,A149ROBL26JWPJ,metaphor,38
blue feelings,A149ROBL26JWPJ,metaphor,30
deep solitude,A149ROBL26JWPJ,metaphor,67
deep solitude,A149ROBL26JWPJ,metaphor,93
dynamic personality,A149ROBL26JWPJ,metaphor,65
dynamic personality,A149ROBL26JWPJ,metaphor,64
deserted relationships,A149ROBL26JWPJ,metaphor,83
deserted relationships,A149ROBL26JWPJ,metaphor,35
academic gap,A149ROBL26JWPJ,metaphor,39
academic gap,A149ROBL26JWPJ,metaphor,29
crushing misery,A149ROBL26JWPJ,metaphor,41
crushing misery,A149ROBL26JWPJ,metaphor,76
economic prescription,A222XREQ12K58P,metaphor,0
economic prescription,A222XREQ12K58P,metaphor,0
economic medicine,A222XREQ12K58P,metaphor,0
economic medicine,A222XREQ12K58P,metaphor,13
dark passion,A222XREQ12K58P,metaphor,23
dark passion,A222XREQ12K58P,metaphor,0
economic meltdown,A222XREQ12K58P,metaphor,1
economic meltdown,A222XREQ12K58P,metaphor,4
cultural impediment,A222XREQ12K58P,metaphor,0
cultural impediment,A222XREQ12K58P,metaphor,0
ballooning expenditure,A222XREQ12K58P,metaphor,100
ballooning expenditure,A222XREQ12K58P,metaphor,100
dim reminder,A222XREQ12K58P,metaphor,87
dim reminder,A222XREQ12K58P,metaphor,87
deep inequality,A222XREQ12K58P,metaphor,54
deep inequality,A222XREQ12K58P,metaphor,0
colorful personality,A222XREQ12K58P,metaphor,100
colorful personality,A222XREQ12K58P,metaphor,85
durable middle-class,A222XREQ12K58P,metaphor,85
durable middle-class,A222XREQ12K58P,metaphor,17
crushing hunger,A222XREQ12K58P,metaphor,100
crushing hunger,A222XREQ12K58P,metaphor,100
blind optimism,A222XREQ12K58P,metaphor,100
blind optimism,A222XREQ12K58P,metaphor,0
economic medicine,A3CZ2S6TCQTJBK,metaphor,89
economic medicine,A3CZ2S6TCQTJBK,metaphor,35
deserted relationships,A3CZ2S6TCQTJBK,metaphor,91
deserted relationships,A3CZ2S6TCQTJBK,metaphor,31
broken melody,A3CZ2S6TCQTJBK,metaphor,60
broken melody,A3CZ2S6TCQTJBK,metaphor,28
cold justice,A3CZ2S6TCQTJBK,metaphor,8
cold justice,A3CZ2S6TCQTJBK,metaphor,32
acute ignorance,A3CZ2S6TCQTJBK,metaphor,29
acute ignorance,A3CZ2S6TCQTJBK,metaphor,72
deep-rooted tradition,A3CZ2S6TCQTJBK,metaphor,99
deep-rooted tradition,A3CZ2S6TCQTJBK,metaphor,93
deflated pride,A3CZ2S6TCQTJBK,metaphor,0
deflated pride,A3CZ2S6TCQTJBK,metaphor,31
dimmed prospect,A3CZ2S6TCQTJBK,metaphor,100
dimmed prospect,A3CZ2S6TCQTJBK,metaphor,100
crushing neglect,A3CZ2S6TCQTJBK,metaphor,12
crushing neglect,A3CZ2S6TCQTJBK,metaphor,94
corrosive corruption,A3CZ2S6TCQTJBK,metaphor,65
corrosive corruption,A3CZ2S6TCQTJBK,metaphor,88
dynamic company,A3CZ2S6TCQTJBK,metaphor,82
dynamic company,A3CZ2S6TCQTJBK,metaphor,64
democratic vitality,A3CZ2S6TCQTJBK,metaphor,37
democratic vitality,A3CZ2S6TCQTJBK,metaphor,71
cultural impediment,A5BMKZRGHNSRT,metaphor,85
cultural impediment,A5BMKZRGHNSRT,metaphor,13
colorful personality,A5BMKZRGHNSRT,metaphor,93
colorful personality,A5BMKZRGHNSRT,metaphor,87
economic slide,A5BMKZRGHNSRT,metaphor,83
economic slide,A5BMKZRGHNSRT,metaphor,89
durable middle-class,A5BMKZRGHNSRT,metaphor,89
durable middle-class,A5BMKZRGHNSRT,metaphor,85
blind optimism,A5BMKZRGHNSRT,metaphor,96
blind optimism,A5BMKZRGHNSRT,metaphor,68
dynamic personality,A5BMKZRGHNSRT,metaphor,86
dynamic personality,A5BMKZRGHNSRT,metaphor,74
dirty desires,A5BMKZRGHNSRT,metaphor,1
dirty desires,A5BMKZRGHNSRT,metaphor,80
breakneck expansion,A5BMKZRGHNSRT,metaphor,100
breakneck expansion,A5BMKZRGHNSRT,metaphor,83
deflated emotions,A5BMKZRGHNSRT,metaphor,18
deflated emotions,A5BMKZRGHNSRT,metaphor,15
economic prescription,A5BMKZRGHNSRT,metaphor,73
economic prescription,A5BMKZRGHNSRT,metaphor,12
crushing hunger,A5BMKZRGHNSRT,metaphor,92
crushing hunger,A5BMKZRGHNSRT,metaphor,88
deflated pride,A5BMKZRGHNSRT,metaphor,6
deflated pride,A5BMKZRGHNSRT,metaphor,12
economic mobility,A39KHMYFO61LKN,metaphor,97
economic mobility,A39KHMYFO61LKN,metaphor,84
blossoming industry,A39KHMYFO61LKN,metaphor,99
blossoming industry,A39KHMYFO61LKN,metaphor,96
compassionate budget,A39KHMYFO61LKN,metaphor,98
compassionate budget,A39KHMYFO61LKN,metaphor,98
economic destruction,A39KHMYFO61LKN,metaphor,80
economic destruction,A39KHMYFO61LKN,metaphor,64
draining expense,A39KHMYFO61LKN,metaphor,4
draining expense,A39KHMYFO61LKN,metaphor,92
economic slide,A39KHMYFO61LKN,metaphor,88
economic slide,A39KHMYFO61LKN,metaphor,96
crushing hunger,A39KHMYFO61LKN,metaphor,72
crushing hunger,A39KHMYFO61LKN,metaphor,64
chronic poverty,A39KHMYFO61LKN,metaphor,95
chronic poverty,A39KHMYFO61LKN,metaphor,98
colliding contradiction,A39KHMYFO61LKN,metaphor,22
colliding contradiction,A39KHMYFO61LKN,metaphor,39
colorful personality,A39KHMYFO61LKN,metaphor,95
colorful personality,A39KHMYFO61LKN,metaphor,91
economic prescription,A39KHMYFO61LKN,metaphor,93
economic prescription,A39KHMYFO61LKN,metaphor,95
backward area,A39KHMYFO61LKN,metaphor,88
backward area,A39KHMYFO61LKN,metaphor,71
crippling awkwardness,A11FFJZ0C984W4,metaphor,98
crippling awkwardness,A11FFJZ0C984W4,metaphor,13
blind hate,A11FFJZ0C984W4,metaphor,18
blind hate,A11FFJZ0C984W4,metaphor,22
economic meltdown,A11FFJZ0C984W4,metaphor,93
economic meltdown,A11FFJZ0C984W4,metaphor,79
crushing misery,A11FFJZ0C984W4,metaphor,98
crushing misery,A11FFJZ0C984W4,metaphor,97
crushing unemployment,A11FFJZ0C984W4,metaphor,75
crushing unemployment,A11FFJZ0C984W4,metaphor,96
economic slide,A11FFJZ0C984W4,metaphor,84
economic slide,A11FFJZ0C984W4,metaphor,65
ecological collapse,A11FFJZ0C984W4,metaphor,87
ecological collapse,A11FFJZ0C984W4,metaphor,94
chronic poverty,A11FFJZ0C984W4,metaphor,93
chronic poverty,A11FFJZ0C984W4,metaphor,92
cultural impediment,A11FFJZ0C984W4,metaphor,75
cultural impediment,A11FFJZ0C984W4,metaphor,82
blazing desolation,A11FFJZ0C984W4,metaphor,95
blazing desolation,A11FFJZ0C984W4,metaphor,78
dissolved time,A11FFJZ0C984W4,metaphor,59
dissolved time,A11FFJZ0C984W4,metaphor,31
dark passion,A11FFJZ0C984W4,metaphor,93
dark passion,A11FFJZ0C984W4,metaphor,84
economic tapestry,A4J4GGMKJ68L0,metaphor,0
economic tapestry,A4J4GGMKJ68L0,metaphor,0
corrosive corruption,A4J4GGMKJ68L0,metaphor,0
corrosive corruption,A4J4GGMKJ68L0,metaphor,0
economic slide,A4J4GGMKJ68L0,metaphor,0
economic slide,A4J4GGMKJ68L0,metaphor,100
blue feelings,A4J4GGMKJ68L0,metaphor,0
blue feelings,A4J4GGMKJ68L0,metaphor,66
aggressive program,A4J4GGMKJ68L0,metaphor,100
aggressive program,A4J4GGMKJ68L0,metaphor,77
economic medicine,A4J4GGMKJ68L0,metaphor,0
economic medicine,A4J4GGMKJ68L0,metaphor,77
dirty deeds,A4J4GGMKJ68L0,metaphor,100
dirty deeds,A4J4GGMKJ68L0,metaphor,100
economic meltdown,A4J4GGMKJ68L0,metaphor,0
economic meltdown,A4J4GGMKJ68L0,metaphor,100
ecological collapse,A4J4GGMKJ68L0,metaphor,100
ecological collapse,A4J4GGMKJ68L0,metaphor,0
backward tradition,A4J4GGMKJ68L0,metaphor,100
backward tradition,A4J4GGMKJ68L0,metaphor,65
colorful personality,A4J4GGMKJ68L0,metaphor,100
colorful personality,A4J4GGMKJ68L0,metaphor,100
deepening crisis,A4J4GGMKJ68L0,metaphor,100
deepening crisis,A4J4GGMKJ68L0,metaphor,100
deflated meaning,A35BKXOE6C5ITG,metaphor,0
deflated meaning,A35BKXOE6C5ITG,metaphor,0
dirty deeds,A35BKXOE6C5ITG,metaphor,100
dirty deeds,A35BKXOE6C5ITG,metaphor,100
cloudy prospect,A35BKXOE6C5ITG,metaphor,0
cloudy prospect,A35BKXOE6C5ITG,metaphor,100
corrosive corruption,A35BKXOE6C5ITG,metaphor,100
corrosive corruption,A35BKXOE6C5ITG,metaphor,0
ageless rhythms,A35BKXOE6C5ITG,metaphor,100
ageless rhythms,A35BKXOE6C5ITG,metaphor,100
crushing hunger,A35BKXOE6C5ITG,metaphor,100
crushing hunger,A35BKXOE6C5ITG,metaphor,0
dehumanizing poverty,A35BKXOE6C5ITG,metaphor,100
dehumanizing poverty,A35BKXOE6C5ITG,metaphor,100
big weakness,A35BKXOE6C5ITG,metaphor,0
big weakness,A35BKXOE6C5ITG,metaphor,100
blue feelings,A35BKXOE6C5ITG,metaphor,0
blue feelings,A35BKXOE6C5ITG,metaphor,0
deeper poverty,A35BKXOE6C5ITG,metaphor,0
deeper poverty,A35BKXOE6C5ITG,metaphor,0
deep inequality,A35BKXOE6C5ITG,metaphor,0
deep inequality,A35BKXOE6C5ITG,metaphor,0
economic medicine,A35BKXOE6C5ITG,metaphor,0
economic medicine,A35BKXOE6C5ITG,metaphor,0
blue obscurity,A2CHDWKAYZ3P3E,metaphor,0
blue obscurity,A2CHDWKAYZ3P3E,metaphor,56
delicious agony,A2CHDWKAYZ3P3E,metaphor,86
delicious agony,A2CHDWKAYZ3P3E,metaphor,76
durable class,A2CHDWKAYZ3P3E,metaphor,84
durable class,A2CHDWKAYZ3P3E,metaphor,80
economic medicine,A2CHDWKAYZ3P3E,metaphor,0
economic medicine,A2CHDWKAYZ3P3E,metaphor,2
economic slide,A2CHDWKAYZ3P3E,metaphor,36
economic slide,A2CHDWKAYZ3P3E,metaphor,4
clear-cut solution,A2CHDWKAYZ3P3E,metaphor,0
clear-cut solution,A2CHDWKAYZ3P3E,metaphor,100
corrosive corruption,A2CHDWKAYZ3P3E,metaphor,85
corrosive corruption,A2CHDWKAYZ3P3E,metaphor,48
backward area,A2CHDWKAYZ3P3E,metaphor,86
backward area,A2CHDWKAYZ3P3E,metaphor,91
deflated meaning,A2CHDWKAYZ3P3E,metaphor,0
deflated meaning,A2CHDWKAYZ3P3E,metaphor,100
economic revitalization,A2CHDWKAYZ3P3E,metaphor,83
economic revitalization,A2CHDWKAYZ3P3E,metaphor,23
dark passion,A2CHDWKAYZ3P3E,metaphor,93
dark passion,A2CHDWKAYZ3P3E,metaphor,0
deeper poverty,A2CHDWKAYZ3P3E,metaphor,0
deeper poverty,A2CHDWKAYZ3P3E,metaphor,65
colliding contradiction,AYM1VEVDIS58B,metaphor,27
colliding contradiction,AYM1VEVDIS58B,metaphor,87
economic rise,AYM1VEVDIS58B,metaphor,86
economic rise,AYM1VEVDIS58B,metaphor,18
cut-throat competition,AYM1VEVDIS58B,metaphor,27
cut-throat competition,AYM1VEVDIS58B,metaphor,86
clouded future,AYM1VEVDIS58B,metaphor,20
clouded future,AYM1VEVDIS58B,metaphor,25
dark passion,AYM1VEVDIS58B,metaphor,76
dark passion,AYM1VEVDIS58B,metaphor,35
biting look,AYM1VEVDIS58B,metaphor,82
biting look,AYM1VEVDIS58B,metaphor,90
compassionate budget,AYM1VEVDIS58B,metaphor,34
compassionate budget,AYM1VEVDIS58B,metaphor,25
breakneck expansion,AYM1VEVDIS58B,metaphor,90
breakneck expansion,AYM1VEVDIS58B,metaphor,25
economic battle,AYM1VEVDIS58B,metaphor,86
economic battle,AYM1VEVDIS58B,metaphor,74
durable class,AYM1VEVDIS58B,metaphor,83
durable class,AYM1VEVDIS58B,metaphor,76
economic mobility,AYM1VEVDIS58B,metaphor,79
economic mobility,AYM1VEVDIS58B,metaphor,25
corrosive corruption,AYM1VEVDIS58B,metaphor,81
corrosive corruption,AYM1VEVDIS58B,metaphor,22
crushing neglect,A18XFOKU5G1OL1,metaphor,76
crushing neglect,A18XFOKU5G1OL1,metaphor,75
civic fabric,A18XFOKU5G1OL1,metaphor,23
civic fabric,A18XFOKU5G1OL1,metaphor,28
crushing unemployment,A18XFOKU5G1OL1,metaphor,72
crushing unemployment,A18XFOKU5G1OL1,metaphor,91
colliding contradiction,A18XFOKU5G1OL1,metaphor,22
colliding contradiction,A18XFOKU5G1OL1,metaphor,69
ageless rhythms,A18XFOKU5G1OL1,metaphor,70
ageless rhythms,A18XFOKU5G1OL1,metaphor,40
blue feelings,A18XFOKU5G1OL1,metaphor,65
blue feelings,A18XFOKU5G1OL1,metaphor,78
cold justice,A18XFOKU5G1OL1,metaphor,24
cold justice,A18XFOKU5G1OL1,metaphor,20
criminal path,A18XFOKU5G1OL1,metaphor,79
criminal path,A18XFOKU5G1OL1,metaphor,63
breakneck expansion,A18XFOKU5G1OL1,metaphor,0
breakneck expansion,A18XFOKU5G1OL1,metaphor,79
draining expense,A18XFOKU5G1OL1,metaphor,37
draining expense,A18XFOKU5G1OL1,metaphor,81
clear responsibility,A18XFOKU5G1OL1,metaphor,15
clear responsibility,A18XFOKU5G1OL1,metaphor,95
debilitating poverty,A18XFOKU5G1OL1,metaphor,11
debilitating poverty,A18XFOKU5G1OL1,metaphor,4
colorful personality,A1Y9ICY1SOTRI9,metaphor,0
colorful personality,A1Y9ICY1SOTRI9,metaphor,100
blazing desolation,A1Y9ICY1SOTRI9,metaphor,100
blazing desolation,A1Y9ICY1SOTRI9,metaphor,0
broken hope,A1Y9ICY1SOTRI9,metaphor,100
broken hope,A1Y9ICY1SOTRI9,metaphor,100
economic force,A1Y9ICY1SOTRI9,metaphor,0
economic force,A1Y9ICY1SOTRI9,metaphor,100
dirty desires,A1Y9ICY1SOTRI9,metaphor,0
dirty desires,A1Y9ICY1SOTRI9,metaphor,100
bloated spending,A1Y9ICY1SOTRI9,metaphor,0
bloated spending,A1Y9ICY1SOTRI9,metaphor,0
ballooning expenditure,A1Y9ICY1SOTRI9,metaphor,100
ballooning expenditure,A1Y9ICY1SOTRI9,metaphor,43
draining expense,A1Y9ICY1SOTRI9,metaphor,0
draining expense,A1Y9ICY1SOTRI9,metaphor,100
civic fabric,A1Y9ICY1SOTRI9,metaphor,100
civic fabric,A1Y9ICY1SOTRI9,metaphor,100
durable class,A1Y9ICY1SOTRI9,metaphor,100
durable class,A1Y9ICY1SOTRI9,metaphor,0
economic rise,A1Y9ICY1SOTRI9,metaphor,0
economic rise,A1Y9ICY1SOTRI9,metaphor,100
corrosive corruption,A1Y9ICY1SOTRI9,metaphor,100
corrosive corruption,A1Y9ICY1SOTRI9,metaphor,100
durable middle-class,A35H05K4OCYQ0S,metaphor,0
durable middle-class,A35H05K4OCYQ0S,metaphor,1
clear-cut solution,A35H05K4OCYQ0S,metaphor,0
clear-cut solution,A35H05K4OCYQ0S,metaphor,99
colorful personality,A35H05K4OCYQ0S,metaphor,98
colorful personality,A35H05K4OCYQ0S,metaphor,98
corporate pie,A35H05K4OCYQ0S,metaphor,97
corporate pie,A35H05K4OCYQ0S,metaphor,0
cultural impediment,A35H05K4OCYQ0S,metaphor,89
cultural impediment,A35H05K4OCYQ0S,metaphor,86
burdened service,A35H05K4OCYQ0S,metaphor,95
burdened service,A35H05K4OCYQ0S,metaphor,95
acute ignorance,A35H05K4OCYQ0S,metaphor,100
acute ignorance,A35H05K4OCYQ0S,metaphor,96
deepening crisis,A35H05K4OCYQ0S,metaphor,89
deepening crisis,A35H05K4OCYQ0S,metaphor,89
broken hope,A35H05K4OCYQ0S,metaphor,90
broken hope,A35H05K4OCYQ0S,metaphor,90
economic heap,A35H05K4OCYQ0S,metaphor,81
economic heap,A35H05K4OCYQ0S,metaphor,3
dehumanizing poverty,A35H05K4OCYQ0S,metaphor,92
dehumanizing poverty,A35H05K4OCYQ0S,metaphor,91
bloated spending,A35H05K4OCYQ0S,metaphor,98
bloated spending,A35H05K4OCYQ0S,metaphor,97
crisscrossed chaos,A1DMXEJGJY02E1,metaphor,1
crisscrossed chaos,A1DMXEJGJY02E1,metaphor,0
crushing ignorance,A1DMXEJGJY02E1,metaphor,100
crushing ignorance,A1DMXEJGJY02E1,metaphor,0
economic tapestry,A1DMXEJGJY02E1,metaphor,0
economic tapestry,A1DMXEJGJY02E1,metaphor,0
economic field,A1DMXEJGJY02E1,metaphor,53
economic field,A1DMXEJGJY02E1,metaphor,99
clear-cut solution,A1DMXEJGJY02E1,metaphor,0
clear-cut solution,A1DMXEJGJY02E1,metaphor,100
economic rise,A1DMXEJGJY02E1,metaphor,0
economic rise,A1DMXEJGJY02E1,metaphor,0
dynamic company,A1DMXEJGJY02E1,metaphor,100
dynamic company,A1DMXEJGJY02E1,metaphor,100
aggressive program,A1DMXEJGJY02E1,metaphor,0
aggressive program,A1DMXEJGJY02E1,metaphor,100
crushing neglect,A1DMXEJGJY02E1,metaphor,0
crushing neglect,A1DMXEJGJY02E1,metaphor,100
economic meltdown,A1DMXEJGJY02E1,metaphor,0
economic meltdown,A1DMXEJGJY02E1,metaphor,0
backward area,A1DMXEJGJY02E1,metaphor,99
backward area,A1DMXEJGJY02E1,metaphor,0
clouded future,A1DMXEJGJY02E1,metaphor,58
clouded future,A1DMXEJGJY02E1,metaphor,100
economic medicine,AAYZTYSUV5OS8,metaphor,100
economic medicine,AAYZTYSUV5OS8,metaphor,100
compassionate budget,AAYZTYSUV5OS8,metaphor,89
compassionate budget,AAYZTYSUV5OS8,metaphor,100
acute ignorance,AAYZTYSUV5OS8,metaphor,70
acute ignorance,AAYZTYSUV5OS8,metaphor,66
economic force,AAYZTYSUV5OS8,metaphor,100
economic force,AAYZTYSUV5OS8,metaphor,100
debilitating poverty,AAYZTYSUV5OS8,metaphor,100
debilitating poverty,AAYZTYSUV5OS8,metaphor,100
bottled passion,AAYZTYSUV5OS8,metaphor,100
bottled passion,AAYZTYSUV5OS8,metaphor,100
blue obscurity,AAYZTYSUV5OS8,metaphor,100
blue obscurity,AAYZTYSUV5OS8,metaphor,100
economic destruction,AAYZTYSUV5OS8,metaphor,6
economic destruction,AAYZTYSUV5OS8,metaphor,100
breakneck expansion,AAYZTYSUV5OS8,metaphor,8
breakneck expansion,AAYZTYSUV5OS8,metaphor,83
blind hate,AAYZTYSUV5OS8,metaphor,100
blind hate,AAYZTYSUV5OS8,metaphor,100
blind elite,AAYZTYSUV5OS8,metaphor,100
blind elite,AAYZTYSUV5OS8,metaphor,100
durable class,AAYZTYSUV5OS8,metaphor,100
durable class,AAYZTYSUV5OS8,metaphor,100
acute poverty,A2EHH2ZFIRF1BF,metaphor,0
acute poverty,A2EHH2ZFIRF1BF,metaphor,100
deep analysis,A2EHH2ZFIRF1BF,metaphor,100
deep analysis,A2EHH2ZFIRF1BF,metaphor,0
deserted friendship,A2EHH2ZFIRF1BF,metaphor,0
deserted friendship,A2EHH2ZFIRF1BF,metaphor,0
deeper poverty,A2EHH2ZFIRF1BF,metaphor,100
deeper poverty,A2EHH2ZFIRF1BF,metaphor,0
acute ignorance,A2EHH2ZFIRF1BF,metaphor,100
acute ignorance,A2EHH2ZFIRF1BF,metaphor,0
clear-cut answer,A2EHH2ZFIRF1BF,metaphor,100
clear-cut answer,A2EHH2ZFIRF1BF,metaphor,100
civic fabric,A2EHH2ZFIRF1BF,metaphor,100
civic fabric,A2EHH2ZFIRF1BF,metaphor,100
deflated joke,A2EHH2ZFIRF1BF,metaphor,100
deflated joke,A2EHH2ZFIRF1BF,metaphor,0
deep rank,A2EHH2ZFIRF1BF,metaphor,0
deep rank,A2EHH2ZFIRF1BF,metaphor,100
economic mobility,A2EHH2ZFIRF1BF,metaphor,100
economic mobility,A2EHH2ZFIRF1BF,metaphor,0
economic force,A2EHH2ZFIRF1BF,metaphor,0
economic force,A2EHH2ZFIRF1BF,metaphor,0
crushing cycle,A2EHH2ZFIRF1BF,metaphor,0
crushing cycle,A2EHH2ZFIRF1BF,metaphor,100
acute poverty,A3GZYWA9S6J0K9,metaphor,2
acute poverty,A3GZYWA9S6J0K9,metaphor,99
ballooning expenditure,A3GZYWA9S6J0K9,metaphor,99
ballooning expenditure,A3GZYWA9S6J0K9,metaphor,97
economic rise,A3GZYWA9S6J0K9,metaphor,0
economic rise,A3GZYWA9S6J0K9,metaphor,0
crisscrossed chaos,A3GZYWA9S6J0K9,metaphor,0
crisscrossed chaos,A3GZYWA9S6J0K9,metaphor,0
concentrated poverty,A3GZYWA9S6J0K9,metaphor,0
concentrated poverty,A3GZYWA9S6J0K9,metaphor,100
crushing neglect,A3GZYWA9S6J0K9,metaphor,0
crushing neglect,A3GZYWA9S6J0K9,metaphor,100
cultural impediment,A3GZYWA9S6J0K9,metaphor,0
cultural impediment,A3GZYWA9S6J0K9,metaphor,0
economic muscle,A3GZYWA9S6J0K9,metaphor,0
economic muscle,A3GZYWA9S6J0K9,metaphor,0
colliding contradiction,A3GZYWA9S6J0K9,metaphor,0
colliding contradiction,A3GZYWA9S6J0K9,metaphor,0
blazing desolation,A3GZYWA9S6J0K9,metaphor,100
blazing desolation,A3GZYWA9S6J0K9,metaphor,0
dead money,A3GZYWA9S6J0K9,metaphor,0
dead money,A3GZYWA9S6J0K9,metaphor,0
clear-cut answer,A3GZYWA9S6J0K9,metaphor,100
clear-cut answer,A3GZYWA9S6J0K9,metaphor,0
economic destruction,A1CC1ESUM2JWJ2,metaphor,99
economic destruction,A1CC1ESUM2JWJ2,metaphor,100
clear-cut answer,A1CC1ESUM2JWJ2,metaphor,99
clear-cut answer,A1CC1ESUM2JWJ2,metaphor,100
crushing ignorance,A1CC1ESUM2JWJ2,metaphor,100
crushing ignorance,A1CC1ESUM2JWJ2,metaphor,100
corrosive corruption,A1CC1ESUM2JWJ2,metaphor,99
corrosive corruption,A1CC1ESUM2JWJ2,metaphor,100
collapsing health,A1CC1ESUM2JWJ2,metaphor,99
collapsing health,A1CC1ESUM2JWJ2,metaphor,1
deep rank,A1CC1ESUM2JWJ2,metaphor,0
deep rank,A1CC1ESUM2JWJ2,metaphor,1
economic revitalization,A1CC1ESUM2JWJ2,metaphor,100
economic revitalization,A1CC1ESUM2JWJ2,metaphor,100
economic field,A1CC1ESUM2JWJ2,metaphor,100
economic field,A1CC1ESUM2JWJ2,metaphor,99
clouded future,A1CC1ESUM2JWJ2,metaphor,100
clouded future,A1CC1ESUM2JWJ2,metaphor,100
bottled passion,A1CC1ESUM2JWJ2,metaphor,0
bottled passion,A1CC1ESUM2JWJ2,metaphor,1
economic meltdown,A1CC1ESUM2JWJ2,metaphor,100
economic meltdown,A1CC1ESUM2JWJ2,metaphor,100
economic slide,A1CC1ESUM2JWJ2,metaphor,99
economic slide,A1CC1ESUM2JWJ2,metaphor,100
clear-cut answer,A2CK0OXMPOR9LE,metaphor,100
clear-cut answer,A2CK0OXMPOR9LE,metaphor,85
deeper poverty,A2CK0OXMPOR9LE,metaphor,100
deeper poverty,A2CK0OXMPOR9LE,metaphor,81
crushing cycle,A2CK0OXMPOR9LE,metaphor,27
crushing cycle,A2CK0OXMPOR9LE,metaphor,100
acute ignorance,A2CK0OXMPOR9LE,metaphor,57
acute ignorance,A2CK0OXMPOR9LE,metaphor,65
backward area,A2CK0OXMPOR9LE,metaphor,0
backward area,A2CK0OXMPOR9LE,metaphor,72
dead money,A2CK0OXMPOR9LE,metaphor,0
dead money,A2CK0OXMPOR9LE,metaphor,29
clear responsibility,A2CK0OXMPOR9LE,metaphor,76
clear responsibility,A2CK0OXMPOR9LE,metaphor,100
blind optimism,A2CK0OXMPOR9LE,metaphor,80
blind optimism,A2CK0OXMPOR9LE,metaphor,0
balanced growth,A2CK0OXMPOR9LE,metaphor,58
balanced growth,A2CK0OXMPOR9LE,metaphor,57
deep poverty,A2CK0OXMPOR9LE,metaphor,25
deep poverty,A2CK0OXMPOR9LE,metaphor,35
chronic poverty,A2CK0OXMPOR9LE,metaphor,69
chronic poverty,A2CK0OXMPOR9LE,metaphor,86
blind hate,A2CK0OXMPOR9LE,metaphor,68
blind hate,A2CK0OXMPOR9LE,metaphor,0
broken hope,AR67RZM4TDX5M,metaphor,100
broken hope,AR67RZM4TDX5M,metaphor,0
civic fabric,AR67RZM4TDX5M,metaphor,100
civic fabric,AR67RZM4TDX5M,metaphor,100
economic mobility,AR67RZM4TDX5M,metaphor,100
economic mobility,AR67RZM4TDX5M,metaphor,100
economic medicine,AR67RZM4TDX5M,metaphor,100
economic medicine,AR67RZM4TDX5M,metaphor,100
cut-throat competition,AR67RZM4TDX5M,metaphor,0
cut-throat competition,AR67RZM4TDX5M,metaphor,100
criminal path,AR67RZM4TDX5M,metaphor,100
criminal path,AR67RZM4TDX5M,metaphor,100
dirty desires,AR67RZM4TDX5M,metaphor,0
dirty desires,AR67RZM4TDX5M,metaphor,100
dynamic company,AR67RZM4TDX5M,metaphor,0
dynamic company,AR67RZM4TDX5M,metaphor,100
deep rank,AR67RZM4TDX5M,metaphor,100
deep rank,AR67RZM4TDX5M,metaphor,100
dynamic personality,AR67RZM4TDX5M,metaphor,100
dynamic personality,AR67RZM4TDX5M,metaphor,100
ecological collapse,AR67RZM4TDX5M,metaphor,100
ecological collapse,AR67RZM4TDX5M,metaphor,0
compassionate budget,AR67RZM4TDX5M,metaphor,100
compassionate budget,AR67RZM4TDX5M,metaphor,100
