corrosive corruption,A16TP8YGKE1FJ5,baseline,81
corrosive corruption,A16TP8YGKE1FJ5,metaphor,94
deep-rooted tradition,A16TP8YGKE1FJ5,baseline,100
deep-rooted tradition,A16TP8YGKE1FJ5,metaphor,98
blue obscurity,A16TP8YGKE1FJ5,baseline,54
blue obscurity,A16TP8YGKE1FJ5,metaphor,83
bloated spending,A16TP8YGKE1FJ5,baseline,31
bloated spending,A16TP8YGKE1FJ5,metaphor,99
dim reminder,A16TP8YGKE1FJ5,baseline,57
dim reminder,A16TP8YGKE1FJ5,metaphor,95
colorful personality,A16TP8YGKE1FJ5,baseline,99
colorful personality,A16TP8YGKE1FJ5,metaphor,97
colorful remark,A16TP8YGKE1FJ5,baseline,36
colorful remark,A16TP8YGKE1FJ5,metaphor,93
economic rise,A16TP8YGKE1FJ5,baseline,26
economic rise,A16TP8YGKE1FJ5,metaphor,95
civic fabric,A16TP8YGKE1FJ5,baseline,62
civic fabric,A16TP8YGKE1FJ5,metaphor,96
dead money,A16TP8YGKE1FJ5,baseline,43
dead money,A16TP8YGKE1FJ5,metaphor,41
economic slide,A16TP8YGKE1FJ5,baseline,5
economic slide,A16TP8YGKE1FJ5,metaphor,97
deflated pride,A16TP8YGKE1FJ5,baseline,10
deflated pride,A16TP8YGKE1FJ5,metaphor,3
colorful remark,A1F2GPJS6SWQ6M,baseline,59
colorful remark,A1F2GPJS6SWQ6M,metaphor,100
cold justice,A1F2GPJS6SWQ6M,baseline,13
cold justice,A1F2GPJS6SWQ6M,metaphor,39
deflated emotions,A1F2GPJS6SWQ6M,baseline,63
deflated emotions,A1F2GPJS6SWQ6M,metaphor,19
corporate pie,A1F2GPJS6SWQ6M,baseline,58
corporate pie,A1F2GPJS6SWQ6M,metaphor,63
dodgy bar,A1F2GPJS6SWQ6M,baseline,32
dodgy bar,A1F2GPJS6SWQ6M,metaphor,77
deep solitude,A1F2GPJS6SWQ6M,baseline,37
deep solitude,A1F2GPJS6SWQ6M,metaphor,71
cultural strength,A1F2GPJS6SWQ6M,baseline,60
cultural strength,A1F2GPJS6SWQ6M,metaphor,67
backward area,A1F2GPJS6SWQ6M,baseline,62
backward area,A1F2GPJS6SWQ6M,metaphor,40
dynamic company,A1F2GPJS6SWQ6M,baseline,38
dynamic company,A1F2GPJS6SWQ6M,metaphor,63
democratic vitality,A1F2GPJS6SWQ6M,baseline,56
democratic vitality,A1F2GPJS6SWQ6M,metaphor,68
economic battle,A1F2GPJS6SWQ6M,baseline,38
economic battle,A1F2GPJS6SWQ6M,metaphor,65
ecological collapse,A1F2GPJS6SWQ6M,baseline,41
ecological collapse,A1F2GPJS6SWQ6M,metaphor,63
economic muscle,A1JVWOBGNA6KJT,baseline,83
economic muscle,A1JVWOBGNA6KJT,metaphor,100
dodgy bar,A1JVWOBGNA6KJT,baseline,0
dodgy bar,A1JVWOBGNA6KJT,metaphor,100
chronic poverty,A1JVWOBGNA6KJT,baseline,100
chronic poverty,A1JVWOBGNA6KJT,metaphor,0
desolate beauty,A1JVWOBGNA6KJT,baseline,0
desolate beauty,A1JVWOBGNA6KJT,metaphor,100
clear-cut solution,A1JVWOBGNA6KJT,baseline,0
clear-cut solution,A1JVWOBGNA6KJT,metaphor,100
corporate pie,A1JVWOBGNA6KJT,baseline,0
corporate pie,A1JVWOBGNA6KJT,metaphor,100
clouded future,A1JVWOBGNA6KJT,baseline,100
clouded future,A1JVWOBGNA6KJT,metaphor,100
deep poverty,A1JVWOBGNA6KJT,baseline,100
deep poverty,A1JVWOBGNA6KJT,metaphor,0
clear responsibility,A1JVWOBGNA6KJT,baseline,0
clear responsibility,A1JVWOBGNA6KJT,metaphor,100
acute poverty,A1JVWOBGNA6KJT,baseline,100
acute poverty,A1JVWOBGNA6KJT,metaphor,100
deserted friendship,A1JVWOBGNA6KJT,baseline,0
deserted friendship,A1JVWOBGNA6KJT,metaphor,0
blue feelings,A1JVWOBGNA6KJT,baseline,0
blue feelings,A1JVWOBGNA6KJT,metaphor,0
economic mobility,A30UE6DWFNUCWX,baseline,99
economic mobility,A30UE6DWFNUCWX,metaphor,96
blue obscurity,A30UE6DWFNUCWX,baseline,81
blue obscurity,A30UE6DWFNUCWX,metaphor,90
deeper poverty,A30UE6DWFNUCWX,baseline,100
deeper poverty,A30UE6DWFNUCWX,metaphor,0
durable middle-class,A30UE6DWFNUCWX,baseline,98
durable middle-class,A30UE6DWFNUCWX,metaphor,20
deflated pride,A30UE6DWFNUCWX,baseline,85
deflated pride,A30UE6DWFNUCWX,metaphor,19
crushing unemployment,A30UE6DWFNUCWX,baseline,11
crushing unemployment,A30UE6DWFNUCWX,metaphor,7
colliding contradiction,A30UE6DWFNUCWX,baseline,26
colliding contradiction,A30UE6DWFNUCWX,metaphor,10
backward area,A30UE6DWFNUCWX,baseline,11
backward area,A30UE6DWFNUCWX,metaphor,75
deserted friendship,A30UE6DWFNUCWX,baseline,0
deserted friendship,A30UE6DWFNUCWX,metaphor,35
dimmed prospect,A30UE6DWFNUCWX,baseline,6
dimmed prospect,A30UE6DWFNUCWX,metaphor,76
crushing neglect,A30UE6DWFNUCWX,baseline,70
crushing neglect,A30UE6DWFNUCWX,metaphor,19
crushing cycle,A30UE6DWFNUCWX,baseline,76
crushing cycle,A30UE6DWFNUCWX,metaphor,90
blossoming industry,AEIIVFPRTDGMK,baseline,0
blossoming industry,AEIIVFPRTDGMK,metaphor,100
ecological collapse,AEIIVFPRTDGMK,baseline,47
ecological collapse,AEIIVFPRTDGMK,metaphor,75
debilitating poverty,AEIIVFPRTDGMK,baseline,67
debilitating poverty,AEIIVFPRTDGMK,metaphor,24
delicious agony,AEIIVFPRTDGMK,baseline,34
delicious agony,AEIIVFPRTDGMK,metaphor,100
corrosive corruption,AEIIVFPRTDGMK,baseline,97
corrosive corruption,AEIIVFPRTDGMK,metaphor,82
durable middle-class,AEIIVFPRTDGMK,baseline,43
durable middle-class,AEIIVFPRTDGMK,metaphor,29
civic fabric,AEIIVFPRTDGMK,baseline,39
civic fabric,AEIIVFPRTDGMK,metaphor,67
durable class,AEIIVFPRTDGMK,baseline,30
durable class,AEIIVFPRTDGMK,metaphor,85
breakneck expansion,AEIIVFPRTDGMK,baseline,70
breakneck expansion,AEIIVFPRTDGMK,metaphor,73
blazing desolation,AEIIVFPRTDGMK,baseline,36
blazing desolation,AEIIVFPRTDGMK,metaphor,45
balanced growth,AEIIVFPRTDGMK,baseline,97
balanced growth,AEIIVFPRTDGMK,metaphor,94
deep-rooted belief,AEIIVFPRTDGMK,baseline,41
deep-rooted belief,AEIIVFPRTDGMK,metaphor,77
balanced growth,A1YSYI926BBOHW,baseline,0
balanced growth,A1YSYI926BBOHW,metaphor,0
blazing desolation,A1YSYI926BBOHW,baseline,0
blazing desolation,A1YSYI926BBOHW,metaphor,100
deeper poverty,A1YSYI926BBOHW,baseline,100
deeper poverty,A1YSYI926BBOHW,metaphor,0
crushing misery,A1YSYI926BBOHW,baseline,0
crushing misery,A1YSYI926BBOHW,metaphor,100
delicious agony,A1YSYI926BBOHW,baseline,75
delicious agony,A1YSYI926BBOHW,metaphor,100
deep-rooted tradition,A1YSYI926BBOHW,baseline,0
deep-rooted tradition,A1YSYI926BBOHW,metaphor,100
deep solitude,A1YSYI926BBOHW,baseline,0
deep solitude,A1YSYI926BBOHW,metaphor,100
crisscrossed chaos,A1YSYI926BBOHW,baseline,0
crisscrossed chaos,A1YSYI926BBOHW,metaphor,0
concentrated poverty,A1YSYI926BBOHW,baseline,0
concentrated poverty,A1YSYI926BBOHW,metaphor,0
clouded future,A1YSYI926BBOHW,baseline,64
clouded future,A1YSYI926BBOHW,metaphor,75
colliding contradiction,A1YSYI926BBOHW,baseline,3
colliding contradiction,A1YSYI926BBOHW,metaphor,18
corporate pie,A1YSYI926BBOHW,baseline,91
corporate pie,A1YSYI926BBOHW,metaphor,33
dark passion,A89R5XGMHOTJE,baseline,46
dark passion,A89R5XGMHOTJE,metaphor,82
aggressive program,A89R5XGMHOTJE,baseline,61
aggressive program,A89R5XGMHOTJE,metaphor,72
bottled passion,A89R5XGMHOTJE,baseline,9
bottled passion,A89R5XGMHOTJE,metaphor,71
crushing difficulty,A89R5XGMHOTJE,baseline,34
crushing difficulty,A89R5XGMHOTJE,metaphor,72
colorful personality,A89R5XGMHOTJE,baseline,87
colorful personality,A89R5XGMHOTJE,metaphor,81
crushing neglect,A89R5XGMHOTJE,baseline,62
crushing neglect,A89R5XGMHOTJE,metaphor,19
civic fabric,A89R5XGMHOTJE,baseline,36
civic fabric,A89R5XGMHOTJE,metaphor,78
broken hope,A89R5XGMHOTJE,baseline,35
broken hope,A89R5XGMHOTJE,metaphor,63
economic prescription,A89R5XGMHOTJE,baseline,83
economic prescription,A89R5XGMHOTJE,metaphor,75
durable class,A89R5XGMHOTJE,baseline,86
durable class,A89R5XGMHOTJE,metaphor,61
ballooning expenditure,A89R5XGMHOTJE,baseline,74
ballooning expenditure,A89R5XGMHOTJE,metaphor,64
economic pie,A89R5XGMHOTJE,baseline,39
economic pie,A89R5XGMHOTJE,metaphor,75
deep poverty,A2DNLHS1RSTF5R,baseline,91
deep poverty,A2DNLHS1RSTF5R,metaphor,18
dirty desires,A2DNLHS1RSTF5R,baseline,99
dirty desires,A2DNLHS1RSTF5R,metaphor,92
deflated emotions,A2DNLHS1RSTF5R,baseline,100
deflated emotions,A2DNLHS1RSTF5R,metaphor,100
cut-throat competition,A2DNLHS1RSTF5R,baseline,0
cut-throat competition,A2DNLHS1RSTF5R,metaphor,100
deepening crisis,A2DNLHS1RSTF5R,baseline,0
deepening crisis,A2DNLHS1RSTF5R,metaphor,100
durable class,A2DNLHS1RSTF5R,baseline,1
durable class,A2DNLHS1RSTF5R,metaphor,100
broken melody,A2DNLHS1RSTF5R,baseline,26
broken melody,A2DNLHS1RSTF5R,metaphor,1
dim reminder,A2DNLHS1RSTF5R,baseline,5
dim reminder,A2DNLHS1RSTF5R,metaphor,98
criminal path,A2DNLHS1RSTF5R,baseline,86
criminal path,A2DNLHS1RSTF5R,metaphor,100
debilitating poverty,A2DNLHS1RSTF5R,baseline,100
debilitating poverty,A2DNLHS1RSTF5R,metaphor,100
clouded future,A2DNLHS1RSTF5R,baseline,100
clouded future,A2DNLHS1RSTF5R,metaphor,0
dirty deeds,A2DNLHS1RSTF5R,baseline,100
dirty deeds,A2DNLHS1RSTF5R,metaphor,100
dissolved time,A1P6OXEJ86HQRM,baseline,0
dissolved time,A1P6OXEJ86HQRM,metaphor,0
balanced growth,A1P6OXEJ86HQRM,baseline,21
balanced growth,A1P6OXEJ86HQRM,metaphor,57
deep analysis,A1P6OXEJ86HQRM,baseline,9
deep analysis,A1P6OXEJ86HQRM,metaphor,92
crippling awkwardness,A1P6OXEJ86HQRM,baseline,69
crippling awkwardness,A1P6OXEJ86HQRM,metaphor,90
blazing desolation,A1P6OXEJ86HQRM,baseline,0
blazing desolation,A1P6OXEJ86HQRM,metaphor,100
economic slide,A1P6OXEJ86HQRM,baseline,10
economic slide,A1P6OXEJ86HQRM,metaphor,66
economic mobility,A1P6OXEJ86HQRM,baseline,90
economic mobility,A1P6OXEJ86HQRM,metaphor,81
corrosive corruption,A1P6OXEJ86HQRM,baseline,0
corrosive corruption,A1P6OXEJ86HQRM,metaphor,68
dehumanizing poverty,A1P6OXEJ86HQRM,baseline,100
dehumanizing poverty,A1P6OXEJ86HQRM,metaphor,100
compassionate budget,A1P6OXEJ86HQRM,baseline,13
compassionate budget,A1P6OXEJ86HQRM,metaphor,30
crushing ignorance,A1P6OXEJ86HQRM,baseline,44
crushing ignorance,A1P6OXEJ86HQRM,metaphor,62
colorful remark,A1P6OXEJ86HQRM,baseline,78
colorful remark,A1P6OXEJ86HQRM,metaphor,92
deep-rooted belief,A23OS0HQ12VVOR,baseline,42
deep-rooted belief,A23OS0HQ12VVOR,metaphor,71
colorful personality,A23OS0HQ12VVOR,baseline,71
colorful personality,A23OS0HQ12VVOR,metaphor,72
crushing unemployment,A23OS0HQ12VVOR,baseline,61
crushing unemployment,A23OS0HQ12VVOR,metaphor,35
dirty desires,A23OS0HQ12VVOR,baseline,84
dirty desires,A23OS0HQ12VVOR,metaphor,80
balanced growth,A23OS0HQ12VVOR,baseline,82
balanced growth,A23OS0HQ12VVOR,metaphor,64
crushing misery,A23OS0HQ12VVOR,baseline,79
crushing misery,A23OS0HQ12VVOR,metaphor,73
deserted friendship,A23OS0HQ12VVOR,baseline,67
deserted friendship,A23OS0HQ12VVOR,metaphor,77
economic revitalization,A23OS0HQ12VVOR,baseline,63
economic revitalization,A23OS0HQ12VVOR,metaphor,80
economic battle,A23OS0HQ12VVOR,baseline,63
economic battle,A23OS0HQ12VVOR,metaphor,36
economic sphere,A23OS0HQ12VVOR,baseline,76
economic sphere,A23OS0HQ12VVOR,metaphor,73
burning soul,A23OS0HQ12VVOR,baseline,63
burning soul,A23OS0HQ12VVOR,metaphor,67
corrosive corruption,A23OS0HQ12VVOR,baseline,66
corrosive corruption,A23OS0HQ12VVOR,metaphor,72
crushing hunger,A144N9R7W4H67O,baseline,0
crushing hunger,A144N9R7W4H67O,metaphor,100
chronic poverty,A144N9R7W4H67O,baseline,100
chronic poverty,A144N9R7W4H67O,metaphor,0
bottled passion,A144N9R7W4H67O,baseline,100
bottled passion,A144N9R7W4H67O,metaphor,0
compassionate budget,A144N9R7W4H67O,baseline,0
compassionate budget,A144N9R7W4H67O,metaphor,0
crisscrossed chaos,A144N9R7W4H67O,baseline,100
crisscrossed chaos,A144N9R7W4H67O,metaphor,0
economic slide,A144N9R7W4H67O,baseline,0
economic slide,A144N9R7W4H67O,metaphor,100
deep analysis,A144N9R7W4H67O,baseline,0
deep analysis,A144N9R7W4H67O,metaphor,0
civic fabric,A144N9R7W4H67O,baseline,0
civic fabric,A144N9R7W4H67O,metaphor,100
collapsing health,A144N9R7W4H67O,baseline,0
collapsing health,A144N9R7W4H67O,metaphor,100
deflated pride,A144N9R7W4H67O,baseline,0
deflated pride,A144N9R7W4H67O,metaphor,0
deserted friendship,A144N9R7W4H67O,baseline,100
deserted friendship,A144N9R7W4H67O,metaphor,0
clear-cut solution,A144N9R7W4H67O,baseline,0
clear-cut solution,A144N9R7W4H67O,metaphor,0
cultural impediment,AA8PZKO9XGCKO,baseline,0
cultural impediment,AA8PZKO9XGCKO,metaphor,86
durable middle-class,AA8PZKO9XGCKO,baseline,10
durable middle-class,AA8PZKO9XGCKO,metaphor,100
dirty deeds,AA8PZKO9XGCKO,baseline,100
dirty deeds,AA8PZKO9XGCKO,metaphor,100
economic laggard,AA8PZKO9XGCKO,baseline,0
economic laggard,AA8PZKO9XGCKO,metaphor,0
balanced growth,AA8PZKO9XGCKO,baseline,84
balanced growth,AA8PZKO9XGCKO,metaphor,95
deserted friendship,AA8PZKO9XGCKO,baseline,0
deserted friendship,AA8PZKO9XGCKO,metaphor,0
corrosive corruption,AA8PZKO9XGCKO,baseline,0
corrosive corruption,AA8PZKO9XGCKO,metaphor,75
dehumanizing poverty,AA8PZKO9XGCKO,baseline,80
dehumanizing poverty,AA8PZKO9XGCKO,metaphor,76
crushing neglect,AA8PZKO9XGCKO,baseline,0
crushing neglect,AA8PZKO9XGCKO,metaphor,0
economic prescription,AA8PZKO9XGCKO,baseline,57
economic prescription,AA8PZKO9XGCKO,metaphor,0
economic medicine,AA8PZKO9XGCKO,baseline,0
economic medicine,AA8PZKO9XGCKO,metaphor,0
ageless rhythms,AA8PZKO9XGCKO,baseline,0
ageless rhythms,AA8PZKO9XGCKO,metaphor,100
economic sphere,A2W3I2GBGDB637,baseline,100
economic sphere,A2W3I2GBGDB637,metaphor,94
chronic poverty,A2W3I2GBGDB637,baseline,100
chronic poverty,A2W3I2GBGDB637,metaphor,100
economic tapestry,A2W3I2GBGDB637,baseline,100
economic tapestry,A2W3I2GBGDB637,metaphor,14
deep-rooted tradition,A2W3I2GBGDB637,baseline,100
deep-rooted tradition,A2W3I2GBGDB637,metaphor,100
clear responsibility,A2W3I2GBGDB637,baseline,82
clear responsibility,A2W3I2GBGDB637,metaphor,100
economic pie,A2W3I2GBGDB637,baseline,97
economic pie,A2W3I2GBGDB637,metaphor,0
dissolved time,A2W3I2GBGDB637,baseline,100
dissolved time,A2W3I2GBGDB637,metaphor,91
clear-cut answer,A2W3I2GBGDB637,baseline,0
clear-cut answer,A2W3I2GBGDB637,metaphor,100
burdened service,A2W3I2GBGDB637,baseline,6
burdened service,A2W3I2GBGDB637,metaphor,92
economic force,A2W3I2GBGDB637,baseline,0
economic force,A2W3I2GBGDB637,metaphor,92
broken hope,A2W3I2GBGDB637,baseline,0
broken hope,A2W3I2GBGDB637,metaphor,100
economic meltdown,A2W3I2GBGDB637,baseline,100
economic meltdown,A2W3I2GBGDB637,metaphor,95
deflated pride,A2PXJTMWGUE5DC,baseline,1
deflated pride,A2PXJTMWGUE5DC,metaphor,99
burning soul,A2PXJTMWGUE5DC,baseline,1
burning soul,A2PXJTMWGUE5DC,metaphor,99
deeper poverty,A2PXJTMWGUE5DC,baseline,78
deeper poverty,A2PXJTMWGUE5DC,metaphor,1
acute poverty,A2PXJTMWGUE5DC,baseline,60
acute poverty,A2PXJTMWGUE5DC,metaphor,97
cold appearance,A2PXJTMWGUE5DC,baseline,2
cold appearance,A2PXJTMWGUE5DC,metaphor,19
deep-rooted belief,A2PXJTMWGUE5DC,baseline,4
deep-rooted belief,A2PXJTMWGUE5DC,metaphor,77
economic revitalization,A2PXJTMWGUE5DC,baseline,59
economic revitalization,A2PXJTMWGUE5DC,metaphor,59
dirty desires,A2PXJTMWGUE5DC,baseline,98
dirty desires,A2PXJTMWGUE5DC,metaphor,16
dim reminder,A2PXJTMWGUE5DC,baseline,21
dim reminder,A2PXJTMWGUE5DC,metaphor,91
balanced growth,A2PXJTMWGUE5DC,baseline,58
balanced growth,A2PXJTMWGUE5DC,metaphor,89
crushing cycle,A2PXJTMWGUE5DC,baseline,28
crushing cycle,A2PXJTMWGUE5DC,metaphor,26
deep poverty,A2PXJTMWGUE5DC,baseline,56
deep poverty,A2PXJTMWGUE5DC,metaphor,62
criminal path,A3LT7W355XOAKF,baseline,64
criminal path,A3LT7W355XOAKF,metaphor,100
crushing unemployment,A3LT7W355XOAKF,baseline,60
crushing unemployment,A3LT7W355XOAKF,metaphor,84
economic prescription,A3LT7W355XOAKF,baseline,60
economic prescription,A3LT7W355XOAKF,metaphor,100
blind optimism,A3LT7W355XOAKF,baseline,0
blind optimism,A3LT7W355XOAKF,metaphor,17
deepening crisis,A3LT7W355XOAKF,baseline,46
deepening crisis,A3LT7W355XOAKF,metaphor,62
economic pie,A3LT7W355XOAKF,baseline,76
economic pie,A3LT7W355XOAKF,metaphor,15
economic meltdown,A3LT7W355XOAKF,baseline,79
economic meltdown,A3LT7W355XOAKF,metaphor,8
deep inequality,A3LT7W355XOAKF,baseline,27
deep inequality,A3LT7W355XOAKF,metaphor,13
dynamic company,A3LT7W355XOAKF,baseline,88
dynamic company,A3LT7W355XOAKF,metaphor,100
acute poverty,A3LT7W355XOAKF,baseline,100
acute poverty,A3LT7W355XOAKF,metaphor,91
crushing cycle,A3LT7W355XOAKF,baseline,16
crushing cycle,A3LT7W355XOAKF,metaphor,71
breakneck expansion,A3LT7W355XOAKF,baseline,76
breakneck expansion,A3LT7W355XOAKF,metaphor,87
deserted friendship,A2T7GR2Y72FY0K,baseline,99
deserted friendship,A2T7GR2Y72FY0K,metaphor,0
economic medicine,A2T7GR2Y72FY0K,baseline,100
economic medicine,A2T7GR2Y72FY0K,metaphor,100
economic field,A2T7GR2Y72FY0K,baseline,0
economic field,A2T7GR2Y72FY0K,metaphor,100
economic rise,A2T7GR2Y72FY0K,baseline,100
economic rise,A2T7GR2Y72FY0K,metaphor,100
blossoming industry,A2T7GR2Y72FY0K,baseline,0
blossoming industry,A2T7GR2Y72FY0K,metaphor,100
bloated spending,A2T7GR2Y72FY0K,baseline,0
bloated spending,A2T7GR2Y72FY0K,metaphor,100
crisscrossed chaos,A2T7GR2Y72FY0K,baseline,100
crisscrossed chaos,A2T7GR2Y72FY0K,metaphor,0
draining expense,A2T7GR2Y72FY0K,baseline,0
draining expense,A2T7GR2Y72FY0K,metaphor,0
broken hope,A2T7GR2Y72FY0K,baseline,0
broken hope,A2T7GR2Y72FY0K,metaphor,100
desolate beauty,A2T7GR2Y72FY0K,baseline,0
desolate beauty,A2T7GR2Y72FY0K,metaphor,100
cloudy prospect,A2T7GR2Y72FY0K,baseline,0
cloudy prospect,A2T7GR2Y72FY0K,metaphor,100
crushing misery,A2T7GR2Y72FY0K,baseline,100
crushing misery,A2T7GR2Y72FY0K,metaphor,0
crippling awkwardness,ACON9O9NMFOHE,baseline,0
crippling awkwardness,ACON9O9NMFOHE,metaphor,100
ecological collapse,ACON9O9NMFOHE,baseline,0
ecological collapse,ACON9O9NMFOHE,metaphor,100
dynamic personality,ACON9O9NMFOHE,baseline,0
dynamic personality,ACON9O9NMFOHE,metaphor,100
economic force,ACON9O9NMFOHE,baseline,0
economic force,ACON9O9NMFOHE,metaphor,100
backward tradition,ACON9O9NMFOHE,baseline,0
backward tradition,ACON9O9NMFOHE,metaphor,100
crushing cycle,ACON9O9NMFOHE,baseline,0
crushing cycle,ACON9O9NMFOHE,metaphor,100
acute poverty,ACON9O9NMFOHE,baseline,0
acute poverty,ACON9O9NMFOHE,metaphor,100
dirty desires,ACON9O9NMFOHE,baseline,100
dirty desires,ACON9O9NMFOHE,metaphor,0
dark passion,ACON9O9NMFOHE,baseline,0
dark passion,ACON9O9NMFOHE,metaphor,100
biting look,ACON9O9NMFOHE,baseline,100
biting look,ACON9O9NMFOHE,metaphor,92
crushing difficulty,ACON9O9NMFOHE,baseline,0
crushing difficulty,ACON9O9NMFOHE,metaphor,0
economic tapestry,ACON9O9NMFOHE,baseline,0
economic tapestry,ACON9O9NMFOHE,metaphor,0
dissolved time,A2XTK2B7R27RBG,baseline,35
dissolved time,A2XTK2B7R27RBG,metaphor,25
compassionate budget,A2XTK2B7R27RBG,baseline,94
compassionate budget,A2XTK2B7R27RBG,metaphor,9
economic slide,A2XTK2B7R27RBG,baseline,7
economic slide,A2XTK2B7R27RBG,metaphor,7
criminal path,A2XTK2B7R27RBG,baseline,5
criminal path,A2XTK2B7R27RBG,metaphor,92
broken melody,A2XTK2B7R27RBG,baseline,4
broken melody,A2XTK2B7R27RBG,metaphor,91
economic heap,A2XTK2B7R27RBG,baseline,4
economic heap,A2XTK2B7R27RBG,metaphor,4
blue feelings,A2XTK2B7R27RBG,baseline,98
blue feelings,A2XTK2B7R27RBG,metaphor,5
economic force,A2XTK2B7R27RBG,baseline,97
economic force,A2XTK2B7R27RBG,metaphor,97
crippling awkwardness,A2XTK2B7R27RBG,baseline,4
crippling awkwardness,A2XTK2B7R27RBG,metaphor,97
crushing difficulty,A2XTK2B7R27RBG,baseline,4
crushing difficulty,A2XTK2B7R27RBG,metaphor,98
deepening crisis,A2XTK2B7R27RBG,baseline,2
deepening crisis,A2XTK2B7R27RBG,metaphor,5
cloudy prospect,A2XTK2B7R27RBG,baseline,4
cloudy prospect,A2XTK2B7R27RBG,metaphor,97
clouded future,A36CQIFWEDEECU,baseline,0
clouded future,A36CQIFWEDEECU,metaphor,100
crippling awkwardness,A36CQIFWEDEECU,baseline,0
crippling awkwardness,A36CQIFWEDEECU,metaphor,0
dimmed prospect,A36CQIFWEDEECU,baseline,100
dimmed prospect,A36CQIFWEDEECU,metaphor,0
economic rise,A36CQIFWEDEECU,baseline,0
economic rise,A36CQIFWEDEECU,metaphor,0
academic gap,A36CQIFWEDEECU,baseline,0
academic gap,A36CQIFWEDEECU,metaphor,100
deep rank,A36CQIFWEDEECU,baseline,0
deep rank,A36CQIFWEDEECU,metaphor,0
broken hope,A36CQIFWEDEECU,baseline,0
broken hope,A36CQIFWEDEECU,metaphor,100
dead money,A36CQIFWEDEECU,baseline,0
dead money,A36CQIFWEDEECU,metaphor,0
economic revitalization,A36CQIFWEDEECU,baseline,100
economic revitalization,A36CQIFWEDEECU,metaphor,0
crushing effect,A36CQIFWEDEECU,baseline,0
crushing effect,A36CQIFWEDEECU,metaphor,100
durable class,A36CQIFWEDEECU,baseline,100
durable class,A36CQIFWEDEECU,metaphor,100
crushing neglect,A36CQIFWEDEECU,baseline,0
crushing neglect,A36CQIFWEDEECU,metaphor,0
ballooning expenditure,A19WFIR31Z74EN,baseline,0
ballooning expenditure,A19WFIR31Z74EN,metaphor,0
corporate pie,A19WFIR31Z74EN,baseline,0
corporate pie,A19WFIR31Z74EN,metaphor,0
crushing ignorance,A19WFIR31Z74EN,baseline,100
crushing ignorance,A19WFIR31Z74EN,metaphor,0
backbreaking rent,A19WFIR31Z74EN,baseline,100
backbreaking rent,A19WFIR31Z74EN,metaphor,0
dodgy bar,A19WFIR31Z74EN,baseline,0
dodgy bar,A19WFIR31Z74EN,metaphor,100
crushing hunger,A19WFIR31Z74EN,baseline,100
crushing hunger,A19WFIR31Z74EN,metaphor,100
chronic poverty,A19WFIR31Z74EN,baseline,100
chronic poverty,A19WFIR31Z74EN,metaphor,100
corrosive corruption,A19WFIR31Z74EN,baseline,100
corrosive corruption,A19WFIR31Z74EN,metaphor,0
backward tradition,A19WFIR31Z74EN,baseline,0
backward tradition,A19WFIR31Z74EN,metaphor,100
dark passion,A19WFIR31Z74EN,baseline,0
dark passion,A19WFIR31Z74EN,metaphor,100
dynamic company,A19WFIR31Z74EN,baseline,0
dynamic company,A19WFIR31Z74EN,metaphor,100
economic pie,A19WFIR31Z74EN,baseline,0
economic pie,A19WFIR31Z74EN,metaphor,100
crushing ignorance,A1160COTUR26JZ,baseline,0
crushing ignorance,A1160COTUR26JZ,metaphor,100
deep analysis,A1160COTUR26JZ,baseline,0
deep analysis,A1160COTUR26JZ,metaphor,100
deflated meaning,A1160COTUR26JZ,baseline,0
deflated meaning,A1160COTUR26JZ,metaphor,0
colorful remark,A1160COTUR26JZ,baseline,100
colorful remark,A1160COTUR26JZ,metaphor,100
choked gullies,A1160COTUR26JZ,baseline,100
choked gullies,A1160COTUR26JZ,metaphor,100
blind optimism,A1160COTUR26JZ,baseline,0
blind optimism,A1160COTUR26JZ,metaphor,100
crushing neglect,A1160COTUR26JZ,baseline,100
crushing neglect,A1160COTUR26JZ,metaphor,0
civic fabric,A1160COTUR26JZ,baseline,0
civic fabric,A1160COTUR26JZ,metaphor,0
clear-cut answer,A1160COTUR26JZ,baseline,0
clear-cut answer,A1160COTUR26JZ,metaphor,0
economic revitalization,A1160COTUR26JZ,baseline,100
economic revitalization,A1160COTUR26JZ,metaphor,100
bottled passion,A1160COTUR26JZ,baseline,100
bottled passion,A1160COTUR26JZ,metaphor,100
deserted friendship,A1160COTUR26JZ,baseline,0
deserted friendship,A1160COTUR26JZ,metaphor,100
broken melody,A3VZ5K4RRT6NN8,baseline,0
broken melody,A3VZ5K4RRT6NN8,metaphor,0
dim reminder,A3VZ5K4RRT6NN8,baseline,0
dim reminder,A3VZ5K4RRT6NN8,metaphor,0
ageless rhythms,A3VZ5K4RRT6NN8,baseline,0
ageless rhythms,A3VZ5K4RRT6NN8,metaphor,100
economic force,A3VZ5K4RRT6NN8,baseline,0
economic force,A3VZ5K4RRT6NN8,metaphor,0
durable middle-class,A3VZ5K4RRT6NN8,baseline,100
durable middle-class,A3VZ5K4RRT6NN8,metaphor,0
bottled passion,A3VZ5K4RRT6NN8,baseline,100
bottled passion,A3VZ5K4RRT6NN8,metaphor,0
deep-rooted tradition,A3VZ5K4RRT6NN8,baseline,0
deep-rooted tradition,A3VZ5K4RRT6NN8,metaphor,100
cold appearance,A3VZ5K4RRT6NN8,baseline,0
cold appearance,A3VZ5K4RRT6NN8,metaphor,0
collapsing health,A3VZ5K4RRT6NN8,baseline,0
collapsing health,A3VZ5K4RRT6NN8,metaphor,0
clouded future,A3VZ5K4RRT6NN8,baseline,100
clouded future,A3VZ5K4RRT6NN8,metaphor,100
ecological collapse,A3VZ5K4RRT6NN8,baseline,100
ecological collapse,A3VZ5K4RRT6NN8,metaphor,0
clear-cut answer,A3VZ5K4RRT6NN8,baseline,0
clear-cut answer,A3VZ5K4RRT6NN8,metaphor,0
blue feelings,A31FD3QCYZ28Q2,baseline,0
blue feelings,A31FD3QCYZ28Q2,metaphor,0
civic fabric,A31FD3QCYZ28Q2,baseline,99
civic fabric,A31FD3QCYZ28Q2,metaphor,24
blue obscurity,A31FD3QCYZ28Q2,baseline,28
blue obscurity,A31FD3QCYZ28Q2,metaphor,61
cut-throat competition,A31FD3QCYZ28Q2,baseline,100
cut-throat competition,A31FD3QCYZ28Q2,metaphor,79
deep analysis,A31FD3QCYZ28Q2,baseline,100
deep analysis,A31FD3QCYZ28Q2,metaphor,100
bloated spending,A31FD3QCYZ28Q2,baseline,0
bloated spending,A31FD3QCYZ28Q2,metaphor,100
desolate beauty,A31FD3QCYZ28Q2,baseline,72
desolate beauty,A31FD3QCYZ28Q2,metaphor,100
bottled passion,A31FD3QCYZ28Q2,baseline,0
bottled passion,A31FD3QCYZ28Q2,metaphor,0
economic force,A31FD3QCYZ28Q2,baseline,0
economic force,A31FD3QCYZ28Q2,metaphor,100
acute poverty,A31FD3QCYZ28Q2,baseline,1
acute poverty,A31FD3QCYZ28Q2,metaphor,100
deeper poverty,A31FD3QCYZ28Q2,baseline,100
deeper poverty,A31FD3QCYZ28Q2,metaphor,100
cold justice,A31FD3QCYZ28Q2,baseline,0
cold justice,A31FD3QCYZ28Q2,metaphor,100
economic tapestry,A2JLGN3H2PKDHC,baseline,68
economic tapestry,A2JLGN3H2PKDHC,metaphor,70
economic force,A2JLGN3H2PKDHC,baseline,71
economic force,A2JLGN3H2PKDHC,metaphor,54
broken melody,A2JLGN3H2PKDHC,baseline,69
broken melody,A2JLGN3H2PKDHC,metaphor,84
economic sphere,A2JLGN3H2PKDHC,baseline,69
economic sphere,A2JLGN3H2PKDHC,metaphor,62
backward tradition,A2JLGN3H2PKDHC,baseline,77
backward tradition,A2JLGN3H2PKDHC,metaphor,79
cloudy prospect,A2JLGN3H2PKDHC,baseline,74
cloudy prospect,A2JLGN3H2PKDHC,metaphor,84
deep-rooted belief,A2JLGN3H2PKDHC,baseline,80
deep-rooted belief,A2JLGN3H2PKDHC,metaphor,75
deserted relationships,A2JLGN3H2PKDHC,baseline,81
deserted relationships,A2JLGN3H2PKDHC,metaphor,72
blind hate,A2JLGN3H2PKDHC,baseline,72
blind hate,A2JLGN3H2PKDHC,metaphor,85
economic laggard,A2JLGN3H2PKDHC,baseline,80
economic laggard,A2JLGN3H2PKDHC,metaphor,86
economic meltdown,A2JLGN3H2PKDHC,baseline,68
economic meltdown,A2JLGN3H2PKDHC,metaphor,74
acute ignorance,A2JLGN3H2PKDHC,baseline,34
acute ignorance,A2JLGN3H2PKDHC,metaphor,63
burning soul,A3KC385CZNYEG5,baseline,0
burning soul,A3KC385CZNYEG5,metaphor,100
cut-throat competition,A3KC385CZNYEG5,baseline,100
cut-throat competition,A3KC385CZNYEG5,metaphor,0
economic medicine,A3KC385CZNYEG5,baseline,26
economic medicine,A3KC385CZNYEG5,metaphor,73
crippling awkwardness,A3KC385CZNYEG5,baseline,100
crippling awkwardness,A3KC385CZNYEG5,metaphor,100
breakneck expansion,A3KC385CZNYEG5,baseline,71
breakneck expansion,A3KC385CZNYEG5,metaphor,100
blue obscurity,A3KC385CZNYEG5,baseline,0
blue obscurity,A3KC385CZNYEG5,metaphor,0
balanced growth,A3KC385CZNYEG5,baseline,79
balanced growth,A3KC385CZNYEG5,metaphor,100
broken melody,A3KC385CZNYEG5,baseline,66
broken melody,A3KC385CZNYEG5,metaphor,66
economic heap,A3KC385CZNYEG5,baseline,73
economic heap,A3KC385CZNYEG5,metaphor,67
economic battle,A3KC385CZNYEG5,baseline,69
economic battle,A3KC385CZNYEG5,metaphor,0
deep rank,A3KC385CZNYEG5,baseline,0
deep rank,A3KC385CZNYEG5,metaphor,0
economic mobility,A3KC385CZNYEG5,baseline,62
economic mobility,A3KC385CZNYEG5,metaphor,78
dynamic personality,A32U64W0S9PUA3,baseline,76
dynamic personality,A32U64W0S9PUA3,metaphor,100
deep inequality,A32U64W0S9PUA3,baseline,82
deep inequality,A32U64W0S9PUA3,metaphor,69
biting look,A32U64W0S9PUA3,baseline,100
biting look,A32U64W0S9PUA3,metaphor,1
choked gullies,A32U64W0S9PUA3,baseline,81
choked gullies,A32U64W0S9PUA3,metaphor,96
deflated emotions,A32U64W0S9PUA3,baseline,99
deflated emotions,A32U64W0S9PUA3,metaphor,0
crushing effect,A32U64W0S9PUA3,baseline,0
crushing effect,A32U64W0S9PUA3,metaphor,71
crushing cycle,A32U64W0S9PUA3,baseline,94
crushing cycle,A32U64W0S9PUA3,metaphor,96
deep rank,A32U64W0S9PUA3,baseline,0
deep rank,A32U64W0S9PUA3,metaphor,94
burning soul,A32U64W0S9PUA3,baseline,0
burning soul,A32U64W0S9PUA3,metaphor,96
colorful personality,A32U64W0S9PUA3,baseline,0
colorful personality,A32U64W0S9PUA3,metaphor,93
blue feelings,A32U64W0S9PUA3,baseline,89
blue feelings,A32U64W0S9PUA3,metaphor,0
burdened service,A32U64W0S9PUA3,baseline,96
burdened service,A32U64W0S9PUA3,metaphor,0
economic destruction,A192MH226Q1NT4,baseline,100
economic destruction,A192MH226Q1NT4,metaphor,47
cultural strength,A192MH226Q1NT4,baseline,0
cultural strength,A192MH226Q1NT4,metaphor,100
ballooning expenditure,A192MH226Q1NT4,baseline,100
ballooning expenditure,A192MH226Q1NT4,metaphor,100
criminal path,A192MH226Q1NT4,baseline,54
criminal path,A192MH226Q1NT4,metaphor,100
economic heap,A192MH226Q1NT4,baseline,0
economic heap,A192MH226Q1NT4,metaphor,0
compassionate budget,A192MH226Q1NT4,baseline,0
compassionate budget,A192MH226Q1NT4,metaphor,100
economic battle,A192MH226Q1NT4,baseline,0
economic battle,A192MH226Q1NT4,metaphor,100
backbreaking rent,A192MH226Q1NT4,baseline,100
backbreaking rent,A192MH226Q1NT4,metaphor,0
clouded future,A192MH226Q1NT4,baseline,100
clouded future,A192MH226Q1NT4,metaphor,100
blazing desolation,A192MH226Q1NT4,baseline,0
blazing desolation,A192MH226Q1NT4,metaphor,100
deflated joke,A192MH226Q1NT4,baseline,0
deflated joke,A192MH226Q1NT4,metaphor,0
ecological collapse,A192MH226Q1NT4,baseline,45
ecological collapse,A192MH226Q1NT4,metaphor,100
clear responsibility,A37S96RT1P1IT2,baseline,100
clear responsibility,A37S96RT1P1IT2,metaphor,100
blind hate,A37S96RT1P1IT2,baseline,100
blind hate,A37S96RT1P1IT2,metaphor,0
blind optimism,A37S96RT1P1IT2,baseline,0
blind optimism,A37S96RT1P1IT2,metaphor,100
dynamic personality,A37S96RT1P1IT2,baseline,100
dynamic personality,A37S96RT1P1IT2,metaphor,0
crippling awkwardness,A37S96RT1P1IT2,baseline,0
crippling awkwardness,A37S96RT1P1IT2,metaphor,100
colliding contradiction,A37S96RT1P1IT2,baseline,0
colliding contradiction,A37S96RT1P1IT2,metaphor,0
economic field,A37S96RT1P1IT2,baseline,0
economic field,A37S96RT1P1IT2,metaphor,0
biting look,A37S96RT1P1IT2,baseline,100
biting look,A37S96RT1P1IT2,metaphor,0
crushing misery,A37S96RT1P1IT2,baseline,0
crushing misery,A37S96RT1P1IT2,metaphor,100
economic prescription,A37S96RT1P1IT2,baseline,0
economic prescription,A37S96RT1P1IT2,metaphor,0
economic sphere,A37S96RT1P1IT2,baseline,100
economic sphere,A37S96RT1P1IT2,metaphor,100
ballooning expenditure,A37S96RT1P1IT2,baseline,100
ballooning expenditure,A37S96RT1P1IT2,metaphor,100
economic sphere,A2JP9IKRHNLRPI,baseline,0
economic sphere,A2JP9IKRHNLRPI,metaphor,100
blue obscurity,A2JP9IKRHNLRPI,baseline,0
blue obscurity,A2JP9IKRHNLRPI,metaphor,0
balanced growth,A2JP9IKRHNLRPI,baseline,100
balanced growth,A2JP9IKRHNLRPI,metaphor,100
cultural strength,A2JP9IKRHNLRPI,baseline,100
cultural strength,A2JP9IKRHNLRPI,metaphor,100
colorful personality,A2JP9IKRHNLRPI,baseline,100
colorful personality,A2JP9IKRHNLRPI,metaphor,100
economic field,A2JP9IKRHNLRPI,baseline,0
economic field,A2JP9IKRHNLRPI,metaphor,100
broken melody,A2JP9IKRHNLRPI,baseline,100
broken melody,A2JP9IKRHNLRPI,metaphor,0
crisscrossed chaos,A2JP9IKRHNLRPI,baseline,0
crisscrossed chaos,A2JP9IKRHNLRPI,metaphor,0
ballooning expenditure,A2JP9IKRHNLRPI,baseline,100
ballooning expenditure,A2JP9IKRHNLRPI,metaphor,100
biting look,A2JP9IKRHNLRPI,baseline,100
biting look,A2JP9IKRHNLRPI,metaphor,0
deflated pride,A2JP9IKRHNLRPI,baseline,0
deflated pride,A2JP9IKRHNLRPI,metaphor,100
crushing unemployment,A2JP9IKRHNLRPI,baseline,100
crushing unemployment,A2JP9IKRHNLRPI,metaphor,0
economic prescription,A11UBOE8N877JJ,baseline,100
economic prescription,A11UBOE8N877JJ,metaphor,0
dim reminder,A11UBOE8N877JJ,baseline,0
dim reminder,A11UBOE8N877JJ,metaphor,100
backbreaking rent,A11UBOE8N877JJ,baseline,0
backbreaking rent,A11UBOE8N877JJ,metaphor,100
ecological collapse,A11UBOE8N877JJ,baseline,0
ecological collapse,A11UBOE8N877JJ,metaphor,100
cultural strength,A11UBOE8N877JJ,baseline,100
cultural strength,A11UBOE8N877JJ,metaphor,100
deflated pride,A11UBOE8N877JJ,baseline,100
deflated pride,A11UBOE8N877JJ,metaphor,0
dynamic personality,A11UBOE8N877JJ,baseline,0
dynamic personality,A11UBOE8N877JJ,metaphor,100
backward area,A11UBOE8N877JJ,baseline,0
backward area,A11UBOE8N877JJ,metaphor,0
blazing desolation,A11UBOE8N877JJ,baseline,100
blazing desolation,A11UBOE8N877JJ,metaphor,100
backward tradition,A11UBOE8N877JJ,baseline,0
backward tradition,A11UBOE8N877JJ,metaphor,0
draining expense,A11UBOE8N877JJ,baseline,100
draining expense,A11UBOE8N877JJ,metaphor,100
chronic poverty,A11UBOE8N877JJ,baseline,0
chronic poverty,A11UBOE8N877JJ,metaphor,100
crushing cycle,A1JVO7FLPATHUB,baseline,100
crushing cycle,A1JVO7FLPATHUB,metaphor,32
dodgy bar,A1JVO7FLPATHUB,baseline,0
dodgy bar,A1JVO7FLPATHUB,metaphor,100
crippling awkwardness,A1JVO7FLPATHUB,baseline,0
crippling awkwardness,A1JVO7FLPATHUB,metaphor,99
clear responsibility,A1JVO7FLPATHUB,baseline,27
clear responsibility,A1JVO7FLPATHUB,metaphor,100
corporate pie,A1JVO7FLPATHUB,baseline,100
corporate pie,A1JVO7FLPATHUB,metaphor,19
economic revitalization,A1JVO7FLPATHUB,baseline,0
economic revitalization,A1JVO7FLPATHUB,metaphor,0
durable middle-class,A1JVO7FLPATHUB,baseline,0
durable middle-class,A1JVO7FLPATHUB,metaphor,0
deflated pride,A1JVO7FLPATHUB,baseline,100
deflated pride,A1JVO7FLPATHUB,metaphor,22
desolate beauty,A1JVO7FLPATHUB,baseline,100
desolate beauty,A1JVO7FLPATHUB,metaphor,100
blind optimism,A1JVO7FLPATHUB,baseline,0
blind optimism,A1JVO7FLPATHUB,metaphor,100
blue feelings,A1JVO7FLPATHUB,baseline,100
blue feelings,A1JVO7FLPATHUB,metaphor,0
dead money,A1JVO7FLPATHUB,baseline,0
dead money,A1JVO7FLPATHUB,metaphor,0
economic laggard,A31D9Q3SUR0VUU,baseline,0
economic laggard,A31D9Q3SUR0VUU,metaphor,100
breakneck expansion,A31D9Q3SUR0VUU,baseline,100
breakneck expansion,A31D9Q3SUR0VUU,metaphor,100
economic pie,A31D9Q3SUR0VUU,baseline,3
economic pie,A31D9Q3SUR0VUU,metaphor,74
burning soul,A31D9Q3SUR0VUU,baseline,0
burning soul,A31D9Q3SUR0VUU,metaphor,100
crushing misery,A31D9Q3SUR0VUU,baseline,78
crushing misery,A31D9Q3SUR0VUU,metaphor,100
ecological collapse,A31D9Q3SUR0VUU,baseline,76
ecological collapse,A31D9Q3SUR0VUU,metaphor,59
corrosive corruption,A31D9Q3SUR0VUU,baseline,0
corrosive corruption,A31D9Q3SUR0VUU,metaphor,70
deserted friendship,A31D9Q3SUR0VUU,baseline,100
deserted friendship,A31D9Q3SUR0VUU,metaphor,26
delicious agony,A31D9Q3SUR0VUU,baseline,0
delicious agony,A31D9Q3SUR0VUU,metaphor,100
democratic vitality,A31D9Q3SUR0VUU,baseline,0
democratic vitality,A31D9Q3SUR0VUU,metaphor,100
cultural impediment,A31D9Q3SUR0VUU,baseline,100
cultural impediment,A31D9Q3SUR0VUU,metaphor,100
clear-cut answer,A31D9Q3SUR0VUU,baseline,0
clear-cut answer,A31D9Q3SUR0VUU,metaphor,100
dehumanizing poverty,A3EG4C9T4F5DUR,baseline,100
dehumanizing poverty,A3EG4C9T4F5DUR,metaphor,100
cut-throat competition,A3EG4C9T4F5DUR,baseline,100
cut-throat competition,A3EG4C9T4F5DUR,metaphor,0
choked gullies,A3EG4C9T4F5DUR,baseline,0
choked gullies,A3EG4C9T4F5DUR,metaphor,0
breakneck expansion,A3EG4C9T4F5DUR,baseline,100
breakneck expansion,A3EG4C9T4F5DUR,metaphor,100
economic revitalization,A3EG4C9T4F5DUR,baseline,100
economic revitalization,A3EG4C9T4F5DUR,metaphor,100
economic tapestry,A3EG4C9T4F5DUR,baseline,0
economic tapestry,A3EG4C9T4F5DUR,metaphor,100
deflated joke,A3EG4C9T4F5DUR,baseline,0
deflated joke,A3EG4C9T4F5DUR,metaphor,0
big weakness,A3EG4C9T4F5DUR,baseline,0
big weakness,A3EG4C9T4F5DUR,metaphor,0
economic battle,A3EG4C9T4F5DUR,baseline,0
economic battle,A3EG4C9T4F5DUR,metaphor,100
crushing difficulty,A3EG4C9T4F5DUR,baseline,100
crushing difficulty,A3EG4C9T4F5DUR,metaphor,100
blue feelings,A3EG4C9T4F5DUR,baseline,0
blue feelings,A3EG4C9T4F5DUR,metaphor,0
colorful personality,A3EG4C9T4F5DUR,baseline,100
colorful personality,A3EG4C9T4F5DUR,metaphor,100
draining expense,A2DVV59R1CQU6T,baseline,0
draining expense,A2DVV59R1CQU6T,metaphor,100
dirty desires,A2DVV59R1CQU6T,baseline,100
dirty desires,A2DVV59R1CQU6T,metaphor,0
deflated pride,A2DVV59R1CQU6T,baseline,100
deflated pride,A2DVV59R1CQU6T,metaphor,100
blind hate,A2DVV59R1CQU6T,baseline,100
blind hate,A2DVV59R1CQU6T,metaphor,100
dim reminder,A2DVV59R1CQU6T,baseline,0
dim reminder,A2DVV59R1CQU6T,metaphor,100
economic sphere,A2DVV59R1CQU6T,baseline,100
economic sphere,A2DVV59R1CQU6T,metaphor,0
crushing ignorance,A2DVV59R1CQU6T,baseline,100
crushing ignorance,A2DVV59R1CQU6T,metaphor,100
dirty deeds,A2DVV59R1CQU6T,baseline,100
dirty deeds,A2DVV59R1CQU6T,metaphor,100
balanced growth,A2DVV59R1CQU6T,baseline,0
balanced growth,A2DVV59R1CQU6T,metaphor,100
deeper poverty,A2DVV59R1CQU6T,baseline,0
deeper poverty,A2DVV59R1CQU6T,metaphor,100
economic medicine,A2DVV59R1CQU6T,baseline,0
economic medicine,A2DVV59R1CQU6T,metaphor,100
broken hope,A2DVV59R1CQU6T,baseline,100
broken hope,A2DVV59R1CQU6T,metaphor,100
economic meltdown,A1FTGHYEU1T71Y,baseline,100
economic meltdown,A1FTGHYEU1T71Y,metaphor,0
dehumanizing poverty,A1FTGHYEU1T71Y,baseline,100
dehumanizing poverty,A1FTGHYEU1T71Y,metaphor,100
ageless rhythms,A1FTGHYEU1T71Y,baseline,0
ageless rhythms,A1FTGHYEU1T71Y,metaphor,100
draining expense,A1FTGHYEU1T71Y,baseline,0
draining expense,A1FTGHYEU1T71Y,metaphor,0
big weakness,A1FTGHYEU1T71Y,baseline,0
big weakness,A1FTGHYEU1T71Y,metaphor,0
crushing hunger,A1FTGHYEU1T71Y,baseline,0
crushing hunger,A1FTGHYEU1T71Y,metaphor,100
crushing unemployment,A1FTGHYEU1T71Y,baseline,100
crushing unemployment,A1FTGHYEU1T71Y,metaphor,0
dim reminder,A1FTGHYEU1T71Y,baseline,100
dim reminder,A1FTGHYEU1T71Y,metaphor,100
deserted relationships,A1FTGHYEU1T71Y,baseline,0
deserted relationships,A1FTGHYEU1T71Y,metaphor,100
collapsing health,A1FTGHYEU1T71Y,baseline,0
collapsing health,A1FTGHYEU1T71Y,metaphor,100
backward area,A1FTGHYEU1T71Y,baseline,0
backward area,A1FTGHYEU1T71Y,metaphor,100
dimmed prospect,A1FTGHYEU1T71Y,baseline,100
dimmed prospect,A1FTGHYEU1T71Y,metaphor,100
balanced growth,A1940HXCOGYQ33,baseline,100
balanced growth,A1940HXCOGYQ33,metaphor,100
deep rank,A1940HXCOGYQ33,baseline,0
deep rank,A1940HXCOGYQ33,metaphor,0
crisscrossed chaos,A1940HXCOGYQ33,baseline,0
crisscrossed chaos,A1940HXCOGYQ33,metaphor,1
clouded future,A1940HXCOGYQ33,baseline,100
clouded future,A1940HXCOGYQ33,metaphor,0
crushing cycle,A1940HXCOGYQ33,baseline,100
crushing cycle,A1940HXCOGYQ33,metaphor,100
durable middle-class,A1940HXCOGYQ33,baseline,0
durable middle-class,A1940HXCOGYQ33,metaphor,0
deflated emotions,A1940HXCOGYQ33,baseline,100
deflated emotions,A1940HXCOGYQ33,metaphor,0
cultural strength,A1940HXCOGYQ33,baseline,0
cultural strength,A1940HXCOGYQ33,metaphor,100
deep poverty,A1940HXCOGYQ33,baseline,100
deep poverty,A1940HXCOGYQ33,metaphor,100
deserted friendship,A1940HXCOGYQ33,baseline,0
deserted friendship,A1940HXCOGYQ33,metaphor,0
crushing ignorance,A1940HXCOGYQ33,baseline,0
crushing ignorance,A1940HXCOGYQ33,metaphor,0
ecological collapse,A1940HXCOGYQ33,baseline,0
ecological collapse,A1940HXCOGYQ33,metaphor,100
economic pie,A1L92Y6VBTRFP5,baseline,12
economic pie,A1L92Y6VBTRFP5,metaphor,16
corporate pie,A1L92Y6VBTRFP5,baseline,16
corporate pie,A1L92Y6VBTRFP5,metaphor,18
dead money,A1L92Y6VBTRFP5,baseline,17
dead money,A1L92Y6VBTRFP5,metaphor,18
durable middle-class,A1L92Y6VBTRFP5,baseline,73
durable middle-class,A1L92Y6VBTRFP5,metaphor,74
economic field,A1L92Y6VBTRFP5,baseline,80
economic field,A1L92Y6VBTRFP5,metaphor,79
acute poverty,A1L92Y6VBTRFP5,baseline,79
acute poverty,A1L92Y6VBTRFP5,metaphor,78
clear responsibility,A1L92Y6VBTRFP5,baseline,19
clear responsibility,A1L92Y6VBTRFP5,metaphor,83
backward tradition,A1L92Y6VBTRFP5,baseline,71
backward tradition,A1L92Y6VBTRFP5,metaphor,83
dodgy bar,A1L92Y6VBTRFP5,baseline,18
dodgy bar,A1L92Y6VBTRFP5,metaphor,81
deflated joke,A1L92Y6VBTRFP5,baseline,80
deflated joke,A1L92Y6VBTRFP5,metaphor,81
colorful personality,A1L92Y6VBTRFP5,baseline,87
colorful personality,A1L92Y6VBTRFP5,metaphor,85
economic battle,A1L92Y6VBTRFP5,baseline,16
economic battle,A1L92Y6VBTRFP5,metaphor,85
democratic vitality,A326O3VWP8TO8N,baseline,51
democratic vitality,A326O3VWP8TO8N,metaphor,17
burdened service,A326O3VWP8TO8N,baseline,10
burdened service,A326O3VWP8TO8N,metaphor,2
backbreaking rent,A326O3VWP8TO8N,baseline,16
backbreaking rent,A326O3VWP8TO8N,metaphor,73
delicious agony,A326O3VWP8TO8N,baseline,19
delicious agony,A326O3VWP8TO8N,metaphor,86
ecological collapse,A326O3VWP8TO8N,baseline,5
ecological collapse,A326O3VWP8TO8N,metaphor,86
deep solitude,A326O3VWP8TO8N,baseline,13
deep solitude,A326O3VWP8TO8N,metaphor,11
dark passion,A326O3VWP8TO8N,baseline,17
dark passion,A326O3VWP8TO8N,metaphor,82
economic prescription,A326O3VWP8TO8N,baseline,91
economic prescription,A326O3VWP8TO8N,metaphor,41
crushing neglect,A326O3VWP8TO8N,baseline,80
crushing neglect,A326O3VWP8TO8N,metaphor,2
colliding contradiction,A326O3VWP8TO8N,baseline,13
colliding contradiction,A326O3VWP8TO8N,metaphor,27
economic battle,A326O3VWP8TO8N,baseline,86
economic battle,A326O3VWP8TO8N,metaphor,34
blind elite,A326O3VWP8TO8N,baseline,59
blind elite,A326O3VWP8TO8N,metaphor,16
economic rise,A2SO6K35NMGBB7,baseline,0
economic rise,A2SO6K35NMGBB7,metaphor,100
biting look,A2SO6K35NMGBB7,baseline,100
biting look,A2SO6K35NMGBB7,metaphor,0
blazing desolation,A2SO6K35NMGBB7,baseline,0
blazing desolation,A2SO6K35NMGBB7,metaphor,100
colorful remark,A2SO6K35NMGBB7,baseline,0
colorful remark,A2SO6K35NMGBB7,metaphor,100
economic prescription,A2SO6K35NMGBB7,baseline,100
economic prescription,A2SO6K35NMGBB7,metaphor,0
cold justice,A2SO6K35NMGBB7,baseline,0
cold justice,A2SO6K35NMGBB7,metaphor,0
deep analysis,A2SO6K35NMGBB7,baseline,94
deep analysis,A2SO6K35NMGBB7,metaphor,88
colliding contradiction,A2SO6K35NMGBB7,baseline,20
colliding contradiction,A2SO6K35NMGBB7,metaphor,24
cultural impediment,A2SO6K35NMGBB7,baseline,0
cultural impediment,A2SO6K35NMGBB7,metaphor,78
corrosive corruption,A2SO6K35NMGBB7,baseline,89
corrosive corruption,A2SO6K35NMGBB7,metaphor,86
desolate beauty,A2SO6K35NMGBB7,baseline,0
desolate beauty,A2SO6K35NMGBB7,metaphor,100
ballooning expenditure,A2SO6K35NMGBB7,baseline,0
ballooning expenditure,A2SO6K35NMGBB7,metaphor,100
deep inequality,A16SJ5D3DKUEXJ,baseline,0
deep inequality,A16SJ5D3DKUEXJ,metaphor,39
economic sphere,A16SJ5D3DKUEXJ,baseline,72
economic sphere,A16SJ5D3DKUEXJ,metaphor,86
economic muscle,A16SJ5D3DKUEXJ,baseline,0
economic muscle,A16SJ5D3DKUEXJ,metaphor,70
economic tapestry,A16SJ5D3DKUEXJ,baseline,38
economic tapestry,A16SJ5D3DKUEXJ,metaphor,100
ageless rhythms,A16SJ5D3DKUEXJ,baseline,35
ageless rhythms,A16SJ5D3DKUEXJ,metaphor,100
ballooning expenditure,A16SJ5D3DKUEXJ,baseline,100
ballooning expenditure,A16SJ5D3DKUEXJ,metaphor,100
cut-throat competition,A16SJ5D3DKUEXJ,baseline,100
cut-throat competition,A16SJ5D3DKUEXJ,metaphor,0
backbreaking rent,A16SJ5D3DKUEXJ,baseline,60
backbreaking rent,A16SJ5D3DKUEXJ,metaphor,0
crushing misery,A16SJ5D3DKUEXJ,baseline,100
crushing misery,A16SJ5D3DKUEXJ,metaphor,40
deeper poverty,A16SJ5D3DKUEXJ,baseline,64
deeper poverty,A16SJ5D3DKUEXJ,metaphor,100
blue feelings,A16SJ5D3DKUEXJ,baseline,40
blue feelings,A16SJ5D3DKUEXJ,metaphor,0
economic pie,A16SJ5D3DKUEXJ,baseline,60
economic pie,A16SJ5D3DKUEXJ,metaphor,0
economic field,A149ROBL26JWPJ,baseline,37
economic field,A149ROBL26JWPJ,metaphor,79
economic slide,A149ROBL26JWPJ,baseline,58
economic slide,A149ROBL26JWPJ,metaphor,40
dead money,A149ROBL26JWPJ,baseline,21
dead money,A149ROBL26JWPJ,metaphor,21
broken hope,A149ROBL26JWPJ,baseline,64
broken hope,A149ROBL26JWPJ,metaphor,63
backbreaking rent,A149ROBL26JWPJ,baseline,36
backbreaking rent,A149ROBL26JWPJ,metaphor,41
dirty deeds,A149ROBL26JWPJ,baseline,85
dirty deeds,A149ROBL26JWPJ,metaphor,78
blue feelings,A149ROBL26JWPJ,baseline,81
blue feelings,A149ROBL26JWPJ,metaphor,38
deep solitude,A149ROBL26JWPJ,baseline,39
deep solitude,A149ROBL26JWPJ,metaphor,67
dynamic personality,A149ROBL26JWPJ,baseline,58
dynamic personality,A149ROBL26JWPJ,metaphor,65
deserted relationships,A149ROBL26JWPJ,baseline,42
deserted relationships,A149ROBL26JWPJ,metaphor,83
academic gap,A149ROBL26JWPJ,baseline,30
academic gap,A149ROBL26JWPJ,metaphor,39
crushing misery,A149ROBL26JWPJ,baseline,60
crushing misery,A149ROBL26JWPJ,metaphor,41
economic prescription,A222XREQ12K58P,baseline,0
economic prescription,A222XREQ12K58P,metaphor,0
economic medicine,A222XREQ12K58P,baseline,16
economic medicine,A222XREQ12K58P,metaphor,0
dark passion,A222XREQ12K58P,baseline,0
dark passion,A222XREQ12K58P,metaphor,23
economic meltdown,A222XREQ12K58P,baseline,100
economic meltdown,A222XREQ12K58P,metaphor,1
cultural impediment,A222XREQ12K58P,baseline,0
cultural impediment,A222XREQ12K58P,metaphor,0
ballooning expenditure,A222XREQ12K58P,baseline,59
ballooning expenditure,A222XREQ12K58P,metaphor,100
dim reminder,A222XREQ12K58P,baseline,39
dim reminder,A222XREQ12K58P,metaphor,87
deep inequality,A222XREQ12K58P,baseline,0
deep inequality,A222XREQ12K58P,metaphor,54
colorful personality,A222XREQ12K58P,baseline,0
colorful personality,A222XREQ12K58P,metaphor,100
durable middle-class,A222XREQ12K58P,baseline,86
durable middle-class,A222XREQ12K58P,metaphor,85
crushing hunger,A222XREQ12K58P,baseline,26
crushing hunger,A222XREQ12K58P,metaphor,100
blind optimism,A222XREQ12K58P,baseline,0
blind optimism,A222XREQ12K58P,metaphor,100
economic medicine,A3CZ2S6TCQTJBK,baseline,87
economic medicine,A3CZ2S6TCQTJBK,metaphor,89
deserted relationships,A3CZ2S6TCQTJBK,baseline,73
deserted relationships,A3CZ2S6TCQTJBK,metaphor,91
broken melody,A3CZ2S6TCQTJBK,baseline,20
broken melody,A3CZ2S6TCQTJBK,metaphor,60
cold justice,A3CZ2S6TCQTJBK,baseline,0
cold justice,A3CZ2S6TCQTJBK,metaphor,8
acute ignorance,A3CZ2S6TCQTJBK,baseline,63
acute ignorance,A3CZ2S6TCQTJBK,metaphor,29
deep-rooted tradition,A3CZ2S6TCQTJBK,baseline,65
deep-rooted tradition,A3CZ2S6TCQTJBK,metaphor,99
deflated pride,A3CZ2S6TCQTJBK,baseline,0
deflated pride,A3CZ2S6TCQTJBK,metaphor,0
dimmed prospect,A3CZ2S6TCQTJBK,baseline,5
dimmed prospect,A3CZ2S6TCQTJBK,metaphor,100
crushing neglect,A3CZ2S6TCQTJBK,baseline,77
crushing neglect,A3CZ2S6TCQTJBK,metaphor,12
corrosive corruption,A3CZ2S6TCQTJBK,baseline,5
corrosive corruption,A3CZ2S6TCQTJBK,metaphor,65
dynamic company,A3CZ2S6TCQTJBK,baseline,89
dynamic company,A3CZ2S6TCQTJBK,metaphor,82
democratic vitality,A3CZ2S6TCQTJBK,baseline,55
democratic vitality,A3CZ2S6TCQTJBK,metaphor,37
cultural impediment,A5BMKZRGHNSRT,baseline,14
cultural impediment,A5BMKZRGHNSRT,metaphor,85
colorful personality,A5BMKZRGHNSRT,baseline,15
colorful personality,A5BMKZRGHNSRT,metaphor,93
economic slide,A5BMKZRGHNSRT,baseline,67
economic slide,A5BMKZRGHNSRT,metaphor,83
durable middle-class,A5BMKZRGHNSRT,baseline,16
durable middle-class,A5BMKZRGHNSRT,metaphor,89
blind optimism,A5BMKZRGHNSRT,baseline,7
blind optimism,A5BMKZRGHNSRT,metaphor,96
dynamic personality,A5BMKZRGHNSRT,baseline,26
dynamic personality,A5BMKZRGHNSRT,metaphor,86
dirty desires,A5BMKZRGHNSRT,baseline,93
dirty desires,A5BMKZRGHNSRT,metaphor,1
breakneck expansion,A5BMKZRGHNSRT,baseline,18
breakneck expansion,A5BMKZRGHNSRT,metaphor,100
deflated emotions,A5BMKZRGHNSRT,baseline,94
deflated emotions,A5BMKZRGHNSRT,metaphor,18
economic prescription,A5BMKZRGHNSRT,baseline,92
economic prescription,A5BMKZRGHNSRT,metaphor,73
crushing hunger,A5BMKZRGHNSRT,baseline,92
crushing hunger,A5BMKZRGHNSRT,metaphor,92
deflated pride,A5BMKZRGHNSRT,baseline,16
deflated pride,A5BMKZRGHNSRT,metaphor,6
economic mobility,A39KHMYFO61LKN,baseline,97
economic mobility,A39KHMYFO61LKN,metaphor,97
blossoming industry,A39KHMYFO61LKN,baseline,6
blossoming industry,A39KHMYFO61LKN,metaphor,99
compassionate budget,A39KHMYFO61LKN,baseline,19
compassionate budget,A39KHMYFO61LKN,metaphor,98
economic destruction,A39KHMYFO61LKN,baseline,98
economic destruction,A39KHMYFO61LKN,metaphor,80
draining expense,A39KHMYFO61LKN,baseline,97
draining expense,A39KHMYFO61LKN,metaphor,4
economic slide,A39KHMYFO61LKN,baseline,97
economic slide,A39KHMYFO61LKN,metaphor,88
crushing hunger,A39KHMYFO61LKN,baseline,85
crushing hunger,A39KHMYFO61LKN,metaphor,72
chronic poverty,A39KHMYFO61LKN,baseline,34
chronic poverty,A39KHMYFO61LKN,metaphor,95
colliding contradiction,A39KHMYFO61LKN,baseline,11
colliding contradiction,A39KHMYFO61LKN,metaphor,22
colorful personality,A39KHMYFO61LKN,baseline,82
colorful personality,A39KHMYFO61LKN,metaphor,95
economic prescription,A39KHMYFO61LKN,baseline,97
economic prescription,A39KHMYFO61LKN,metaphor,93
backward area,A39KHMYFO61LKN,baseline,26
backward area,A39KHMYFO61LKN,metaphor,88
crippling awkwardness,A11FFJZ0C984W4,baseline,4
crippling awkwardness,A11FFJZ0C984W4,metaphor,98
blind hate,A11FFJZ0C984W4,baseline,98
blind hate,A11FFJZ0C984W4,metaphor,18
economic meltdown,A11FFJZ0C984W4,baseline,93
economic meltdown,A11FFJZ0C984W4,metaphor,93
crushing misery,A11FFJZ0C984W4,baseline,76
crushing misery,A11FFJZ0C984W4,metaphor,98
crushing unemployment,A11FFJZ0C984W4,baseline,97
crushing unemployment,A11FFJZ0C984W4,metaphor,75
economic slide,A11FFJZ0C984W4,baseline,68
economic slide,A11FFJZ0C984W4,metaphor,84
ecological collapse,A11FFJZ0C984W4,baseline,36
ecological collapse,A11FFJZ0C984W4,metaphor,87
chronic poverty,A11FFJZ0C984W4,baseline,86
chronic poverty,A11FFJZ0C984W4,metaphor,93
cultural impediment,A11FFJZ0C984W4,baseline,12
cultural impediment,A11FFJZ0C984W4,metaphor,75
blazing desolation,A11FFJZ0C984W4,baseline,33
blazing desolation,A11FFJZ0C984W4,metaphor,95
dissolved time,A11FFJZ0C984W4,baseline,6
dissolved time,A11FFJZ0C984W4,metaphor,59
dark passion,A11FFJZ0C984W4,baseline,4
dark passion,A11FFJZ0C984W4,metaphor,93
economic tapestry,A4J4GGMKJ68L0,baseline,0
economic tapestry,A4J4GGMKJ68L0,metaphor,0
corrosive corruption,A4J4GGMKJ68L0,baseline,0
corrosive corruption,A4J4GGMKJ68L0,metaphor,0
economic slide,A4J4GGMKJ68L0,baseline,73
economic slide,A4J4GGMKJ68L0,metaphor,0
blue feelings,A4J4GGMKJ68L0,baseline,64
blue feelings,A4J4GGMKJ68L0,metaphor,0
aggressive program,A4J4GGMKJ68L0,baseline,100
aggressive program,A4J4GGMKJ68L0,metaphor,100
economic medicine,A4J4GGMKJ68L0,baseline,99
economic medicine,A4J4GGMKJ68L0,metaphor,0
dirty deeds,A4J4GGMKJ68L0,baseline,100
dirty deeds,A4J4GGMKJ68L0,metaphor,100
economic meltdown,A4J4GGMKJ68L0,baseline,100
economic meltdown,A4J4GGMKJ68L0,metaphor,0
ecological collapse,A4J4GGMKJ68L0,baseline,0
ecological collapse,A4J4GGMKJ68L0,metaphor,100
backward tradition,A4J4GGMKJ68L0,baseline,0
backward tradition,A4J4GGMKJ68L0,metaphor,100
colorful personality,A4J4GGMKJ68L0,baseline,0
colorful personality,A4J4GGMKJ68L0,metaphor,100
deepening crisis,A4J4GGMKJ68L0,baseline,0
deepening crisis,A4J4GGMKJ68L0,metaphor,100
deflated meaning,A35BKXOE6C5ITG,baseline,100
deflated meaning,A35BKXOE6C5ITG,metaphor,0
dirty deeds,A35BKXOE6C5ITG,baseline,100
dirty deeds,A35BKXOE6C5ITG,metaphor,100
cloudy prospect,A35BKXOE6C5ITG,baseline,0
cloudy prospect,A35BKXOE6C5ITG,metaphor,0
corrosive corruption,A35BKXOE6C5ITG,baseline,0
corrosive corruption,A35BKXOE6C5ITG,metaphor,100
ageless rhythms,A35BKXOE6C5ITG,baseline,0
ageless rhythms,A35BKXOE6C5ITG,metaphor,100
crushing hunger,A35BKXOE6C5ITG,baseline,100
crushing hunger,A35BKXOE6C5ITG,metaphor,100
dehumanizing poverty,A35BKXOE6C5ITG,baseline,0
dehumanizing poverty,A35BKXOE6C5ITG,metaphor,100
big weakness,A35BKXOE6C5ITG,baseline,0
big weakness,A35BKXOE6C5ITG,metaphor,0
blue feelings,A35BKXOE6C5ITG,baseline,0
blue feelings,A35BKXOE6C5ITG,metaphor,0
deeper poverty,A35BKXOE6C5ITG,baseline,0
deeper poverty,A35BKXOE6C5ITG,metaphor,0
deep inequality,A35BKXOE6C5ITG,baseline,0
deep inequality,A35BKXOE6C5ITG,metaphor,0
economic medicine,A35BKXOE6C5ITG,baseline,0
economic medicine,A35BKXOE6C5ITG,metaphor,0
blue obscurity,A2CHDWKAYZ3P3E,baseline,22
blue obscurity,A2CHDWKAYZ3P3E,metaphor,0
delicious agony,A2CHDWKAYZ3P3E,baseline,8
delicious agony,A2CHDWKAYZ3P3E,metaphor,86
durable class,A2CHDWKAYZ3P3E,baseline,2
durable class,A2CHDWKAYZ3P3E,metaphor,84
economic medicine,A2CHDWKAYZ3P3E,baseline,51
economic medicine,A2CHDWKAYZ3P3E,metaphor,0
economic slide,A2CHDWKAYZ3P3E,baseline,1
economic slide,A2CHDWKAYZ3P3E,metaphor,36
clear-cut solution,A2CHDWKAYZ3P3E,baseline,82
clear-cut solution,A2CHDWKAYZ3P3E,metaphor,0
corrosive corruption,A2CHDWKAYZ3P3E,baseline,0
corrosive corruption,A2CHDWKAYZ3P3E,metaphor,85
backward area,A2CHDWKAYZ3P3E,baseline,0
backward area,A2CHDWKAYZ3P3E,metaphor,86
deflated meaning,A2CHDWKAYZ3P3E,baseline,0
deflated meaning,A2CHDWKAYZ3P3E,metaphor,0
economic revitalization,A2CHDWKAYZ3P3E,baseline,100
economic revitalization,A2CHDWKAYZ3P3E,metaphor,83
dark passion,A2CHDWKAYZ3P3E,baseline,0
dark passion,A2CHDWKAYZ3P3E,metaphor,93
deeper poverty,A2CHDWKAYZ3P3E,baseline,100
deeper poverty,A2CHDWKAYZ3P3E,metaphor,0
colliding contradiction,AYM1VEVDIS58B,baseline,34
colliding contradiction,AYM1VEVDIS58B,metaphor,27
economic rise,AYM1VEVDIS58B,baseline,78
economic rise,AYM1VEVDIS58B,metaphor,86
cut-throat competition,AYM1VEVDIS58B,baseline,79
cut-throat competition,AYM1VEVDIS58B,metaphor,27
clouded future,AYM1VEVDIS58B,baseline,86
clouded future,AYM1VEVDIS58B,metaphor,20
dark passion,AYM1VEVDIS58B,baseline,86
dark passion,AYM1VEVDIS58B,metaphor,76
biting look,AYM1VEVDIS58B,baseline,40
biting look,AYM1VEVDIS58B,metaphor,82
compassionate budget,AYM1VEVDIS58B,baseline,76
compassionate budget,AYM1VEVDIS58B,metaphor,34
breakneck expansion,AYM1VEVDIS58B,baseline,73
breakneck expansion,AYM1VEVDIS58B,metaphor,90
economic battle,AYM1VEVDIS58B,baseline,32
economic battle,AYM1VEVDIS58B,metaphor,86
durable class,AYM1VEVDIS58B,baseline,25
durable class,AYM1VEVDIS58B,metaphor,83
economic mobility,AYM1VEVDIS58B,baseline,33
economic mobility,AYM1VEVDIS58B,metaphor,79
corrosive corruption,AYM1VEVDIS58B,baseline,69
corrosive corruption,AYM1VEVDIS58B,metaphor,81
crushing neglect,A18XFOKU5G1OL1,baseline,63
crushing neglect,A18XFOKU5G1OL1,metaphor,76
civic fabric,A18XFOKU5G1OL1,baseline,11
civic fabric,A18XFOKU5G1OL1,metaphor,23
crushing unemployment,A18XFOKU5G1OL1,baseline,84
crushing unemployment,A18XFOKU5G1OL1,metaphor,72
colliding contradiction,A18XFOKU5G1OL1,baseline,15
colliding contradiction,A18XFOKU5G1OL1,metaphor,22
ageless rhythms,A18XFOKU5G1OL1,baseline,61
ageless rhythms,A18XFOKU5G1OL1,metaphor,70
blue feelings,A18XFOKU5G1OL1,baseline,0
blue feelings,A18XFOKU5G1OL1,metaphor,65
cold justice,A18XFOKU5G1OL1,baseline,51
cold justice,A18XFOKU5G1OL1,metaphor,24
criminal path,A18XFOKU5G1OL1,baseline,88
criminal path,A18XFOKU5G1OL1,metaphor,79
breakneck expansion,A18XFOKU5G1OL1,baseline,26
breakneck expansion,A18XFOKU5G1OL1,metaphor,0
draining expense,A18XFOKU5G1OL1,baseline,12
draining expense,A18XFOKU5G1OL1,metaphor,37
clear responsibility,A18XFOKU5G1OL1,baseline,94
clear responsibility,A18XFOKU5G1OL1,metaphor,15
debilitating poverty,A18XFOKU5G1OL1,baseline,69
debilitating poverty,A18XFOKU5G1OL1,metaphor,11
colorful personality,A1Y9ICY1SOTRI9,baseline,100
colorful personality,A1Y9ICY1SOTRI9,metaphor,0
blazing desolation,A1Y9ICY1SOTRI9,baseline,0
blazing desolation,A1Y9ICY1SOTRI9,metaphor,100
broken hope,A1Y9ICY1SOTRI9,baseline,0
broken hope,A1Y9ICY1SOTRI9,metaphor,100
economic force,A1Y9ICY1SOTRI9,baseline,0
economic force,A1Y9ICY1SOTRI9,metaphor,0
dirty desires,A1Y9ICY1SOTRI9,baseline,100
dirty desires,A1Y9ICY1SOTRI9,metaphor,0
bloated spending,A1Y9ICY1SOTRI9,baseline,0
bloated spending,A1Y9ICY1SOTRI9,metaphor,0
ballooning expenditure,A1Y9ICY1SOTRI9,baseline,100
ballooning expenditure,A1Y9ICY1SOTRI9,metaphor,100
draining expense,A1Y9ICY1SOTRI9,baseline,0
draining expense,A1Y9ICY1SOTRI9,metaphor,0
civic fabric,A1Y9ICY1SOTRI9,baseline,0
civic fabric,A1Y9ICY1SOTRI9,metaphor,100
durable class,A1Y9ICY1SOTRI9,baseline,0
durable class,A1Y9ICY1SOTRI9,metaphor,100
economic rise,A1Y9ICY1SOTRI9,baseline,100
economic rise,A1Y9ICY1SOTRI9,metaphor,0
corrosive corruption,A1Y9ICY1SOTRI9,baseline,31
corrosive corruption,A1Y9ICY1SOTRI9,metaphor,100
durable middle-class,A35H05K4OCYQ0S,baseline,2
durable middle-class,A35H05K4OCYQ0S,metaphor,0
clear-cut solution,A35H05K4OCYQ0S,baseline,5
clear-cut solution,A35H05K4OCYQ0S,metaphor,0
colorful personality,A35H05K4OCYQ0S,baseline,97
colorful personality,A35H05K4OCYQ0S,metaphor,98
corporate pie,A35H05K4OCYQ0S,baseline,0
corporate pie,A35H05K4OCYQ0S,metaphor,97
cultural impediment,A35H05K4OCYQ0S,baseline,88
cultural impediment,A35H05K4OCYQ0S,metaphor,89
burdened service,A35H05K4OCYQ0S,baseline,6
burdened service,A35H05K4OCYQ0S,metaphor,95
acute ignorance,A35H05K4OCYQ0S,baseline,11
acute ignorance,A35H05K4OCYQ0S,metaphor,100
deepening crisis,A35H05K4OCYQ0S,baseline,98
deepening crisis,A35H05K4OCYQ0S,metaphor,89
broken hope,A35H05K4OCYQ0S,baseline,92
broken hope,A35H05K4OCYQ0S,metaphor,90
economic heap,A35H05K4OCYQ0S,baseline,82
economic heap,A35H05K4OCYQ0S,metaphor,81
dehumanizing poverty,A35H05K4OCYQ0S,baseline,89
dehumanizing poverty,A35H05K4OCYQ0S,metaphor,92
bloated spending,A35H05K4OCYQ0S,baseline,1
bloated spending,A35H05K4OCYQ0S,metaphor,98
crisscrossed chaos,A1DMXEJGJY02E1,baseline,77
crisscrossed chaos,A1DMXEJGJY02E1,metaphor,1
crushing ignorance,A1DMXEJGJY02E1,baseline,54
crushing ignorance,A1DMXEJGJY02E1,metaphor,100
economic tapestry,A1DMXEJGJY02E1,baseline,0
economic tapestry,A1DMXEJGJY02E1,metaphor,0
economic field,A1DMXEJGJY02E1,baseline,0
economic field,A1DMXEJGJY02E1,metaphor,53
clear-cut solution,A1DMXEJGJY02E1,baseline,0
clear-cut solution,A1DMXEJGJY02E1,metaphor,0
economic rise,A1DMXEJGJY02E1,baseline,100
economic rise,A1DMXEJGJY02E1,metaphor,0
dynamic company,A1DMXEJGJY02E1,baseline,0
dynamic company,A1DMXEJGJY02E1,metaphor,100
aggressive program,A1DMXEJGJY02E1,baseline,0
aggressive program,A1DMXEJGJY02E1,metaphor,0
crushing neglect,A1DMXEJGJY02E1,baseline,0
crushing neglect,A1DMXEJGJY02E1,metaphor,0
economic meltdown,A1DMXEJGJY02E1,baseline,100
economic meltdown,A1DMXEJGJY02E1,metaphor,0
backward area,A1DMXEJGJY02E1,baseline,0
backward area,A1DMXEJGJY02E1,metaphor,99
clouded future,A1DMXEJGJY02E1,baseline,70
clouded future,A1DMXEJGJY02E1,metaphor,58
economic medicine,AAYZTYSUV5OS8,baseline,83
economic medicine,AAYZTYSUV5OS8,metaphor,100
compassionate budget,AAYZTYSUV5OS8,baseline,0
compassionate budget,AAYZTYSUV5OS8,metaphor,89
acute ignorance,AAYZTYSUV5OS8,baseline,73
acute ignorance,AAYZTYSUV5OS8,metaphor,70
economic force,AAYZTYSUV5OS8,baseline,0
economic force,AAYZTYSUV5OS8,metaphor,100
debilitating poverty,AAYZTYSUV5OS8,baseline,100
debilitating poverty,AAYZTYSUV5OS8,metaphor,100
bottled passion,AAYZTYSUV5OS8,baseline,100
bottled passion,AAYZTYSUV5OS8,metaphor,100
blue obscurity,AAYZTYSUV5OS8,baseline,16
blue obscurity,AAYZTYSUV5OS8,metaphor,100
economic destruction,AAYZTYSUV5OS8,baseline,10
economic destruction,AAYZTYSUV5OS8,metaphor,6
breakneck expansion,AAYZTYSUV5OS8,baseline,97
breakneck expansion,AAYZTYSUV5OS8,metaphor,8
blind hate,AAYZTYSUV5OS8,baseline,100
blind hate,AAYZTYSUV5OS8,metaphor,100
blind elite,AAYZTYSUV5OS8,baseline,100
blind elite,AAYZTYSUV5OS8,metaphor,100
durable class,AAYZTYSUV5OS8,baseline,100
durable class,AAYZTYSUV5OS8,metaphor,100
acute poverty,A2EHH2ZFIRF1BF,baseline,100
acute poverty,A2EHH2ZFIRF1BF,metaphor,0
deep analysis,A2EHH2ZFIRF1BF,baseline,0
deep analysis,A2EHH2ZFIRF1BF,metaphor,100
deserted friendship,A2EHH2ZFIRF1BF,baseline,100
deserted friendship,A2EHH2ZFIRF1BF,metaphor,0
deeper poverty,A2EHH2ZFIRF1BF,baseline,0
deeper poverty,A2EHH2ZFIRF1BF,metaphor,100
acute ignorance,A2EHH2ZFIRF1BF,baseline,100
acute ignorance,A2EHH2ZFIRF1BF,metaphor,100
clear-cut answer,A2EHH2ZFIRF1BF,baseline,0
clear-cut answer,A2EHH2ZFIRF1BF,metaphor,100
civic fabric,A2EHH2ZFIRF1BF,baseline,0
civic fabric,A2EHH2ZFIRF1BF,metaphor,100
deflated joke,A2EHH2ZFIRF1BF,baseline,0
deflated joke,A2EHH2ZFIRF1BF,metaphor,100
deep rank,A2EHH2ZFIRF1BF,baseline,0
deep rank,A2EHH2ZFIRF1BF,metaphor,0
economic mobility,A2EHH2ZFIRF1BF,baseline,100
economic mobility,A2EHH2ZFIRF1BF,metaphor,100
economic force,A2EHH2ZFIRF1BF,baseline,0
economic force,A2EHH2ZFIRF1BF,metaphor,0
crushing cycle,A2EHH2ZFIRF1BF,baseline,0
crushing cycle,A2EHH2ZFIRF1BF,metaphor,0
acute poverty,A3GZYWA9S6J0K9,baseline,100
acute poverty,A3GZYWA9S6J0K9,metaphor,2
ballooning expenditure,A3GZYWA9S6J0K9,baseline,0
ballooning expenditure,A3GZYWA9S6J0K9,metaphor,99
economic rise,A3GZYWA9S6J0K9,baseline,0
economic rise,A3GZYWA9S6J0K9,metaphor,0
crisscrossed chaos,A3GZYWA9S6J0K9,baseline,0
crisscrossed chaos,A3GZYWA9S6J0K9,metaphor,0
concentrated poverty,A3GZYWA9S6J0K9,baseline,0
concentrated poverty,A3GZYWA9S6J0K9,metaphor,0
crushing neglect,A3GZYWA9S6J0K9,baseline,0
crushing neglect,A3GZYWA9S6J0K9,metaphor,0
cultural impediment,A3GZYWA9S6J0K9,baseline,0
cultural impediment,A3GZYWA9S6J0K9,metaphor,0
economic muscle,A3GZYWA9S6J0K9,baseline,0
economic muscle,A3GZYWA9S6J0K9,metaphor,0
colliding contradiction,A3GZYWA9S6J0K9,baseline,0
colliding contradiction,A3GZYWA9S6J0K9,metaphor,0
blazing desolation,A3GZYWA9S6J0K9,baseline,0
blazing desolation,A3GZYWA9S6J0K9,metaphor,100
dead money,A3GZYWA9S6J0K9,baseline,0
dead money,A3GZYWA9S6J0K9,metaphor,0
clear-cut answer,A3GZYWA9S6J0K9,baseline,0
clear-cut answer,A3GZYWA9S6J0K9,metaphor,100
economic destruction,A1CC1ESUM2JWJ2,baseline,100
economic destruction,A1CC1ESUM2JWJ2,metaphor,99
clear-cut answer,A1CC1ESUM2JWJ2,baseline,99
clear-cut answer,A1CC1ESUM2JWJ2,metaphor,99
crushing ignorance,A1CC1ESUM2JWJ2,baseline,100
crushing ignorance,A1CC1ESUM2JWJ2,metaphor,100
corrosive corruption,A1CC1ESUM2JWJ2,baseline,1
corrosive corruption,A1CC1ESUM2JWJ2,metaphor,99
collapsing health,A1CC1ESUM2JWJ2,baseline,0
collapsing health,A1CC1ESUM2JWJ2,metaphor,99
deep rank,A1CC1ESUM2JWJ2,baseline,0
deep rank,A1CC1ESUM2JWJ2,metaphor,0
economic revitalization,A1CC1ESUM2JWJ2,baseline,100
economic revitalization,A1CC1ESUM2JWJ2,metaphor,100
economic field,A1CC1ESUM2JWJ2,baseline,99
economic field,A1CC1ESUM2JWJ2,metaphor,100
clouded future,A1CC1ESUM2JWJ2,baseline,100
clouded future,A1CC1ESUM2JWJ2,metaphor,100
bottled passion,A1CC1ESUM2JWJ2,baseline,99
bottled passion,A1CC1ESUM2JWJ2,metaphor,0
economic meltdown,A1CC1ESUM2JWJ2,baseline,99
economic meltdown,A1CC1ESUM2JWJ2,metaphor,100
economic slide,A1CC1ESUM2JWJ2,baseline,100
economic slide,A1CC1ESUM2JWJ2,metaphor,99
clear-cut answer,A2CK0OXMPOR9LE,baseline,0
clear-cut answer,A2CK0OXMPOR9LE,metaphor,100
deeper poverty,A2CK0OXMPOR9LE,baseline,0
deeper poverty,A2CK0OXMPOR9LE,metaphor,100
crushing cycle,A2CK0OXMPOR9LE,baseline,72
crushing cycle,A2CK0OXMPOR9LE,metaphor,27
acute ignorance,A2CK0OXMPOR9LE,baseline,0
acute ignorance,A2CK0OXMPOR9LE,metaphor,57
backward area,A2CK0OXMPOR9LE,baseline,18
backward area,A2CK0OXMPOR9LE,metaphor,0
dead money,A2CK0OXMPOR9LE,baseline,0
dead money,A2CK0OXMPOR9LE,metaphor,0
clear responsibility,A2CK0OXMPOR9LE,baseline,72
clear responsibility,A2CK0OXMPOR9LE,metaphor,76
blind optimism,A2CK0OXMPOR9LE,baseline,21
blind optimism,A2CK0OXMPOR9LE,metaphor,80
balanced growth,A2CK0OXMPOR9LE,baseline,59
balanced growth,A2CK0OXMPOR9LE,metaphor,58
deep poverty,A2CK0OXMPOR9LE,baseline,0
deep poverty,A2CK0OXMPOR9LE,metaphor,25
chronic poverty,A2CK0OXMPOR9LE,baseline,100
chronic poverty,A2CK0OXMPOR9LE,metaphor,69
blind hate,A2CK0OXMPOR9LE,baseline,78
blind hate,A2CK0OXMPOR9LE,metaphor,68
broken hope,AR67RZM4TDX5M,baseline,0
broken hope,AR67RZM4TDX5M,metaphor,100
civic fabric,AR67RZM4TDX5M,baseline,100
civic fabric,AR67RZM4TDX5M,metaphor,100
economic mobility,AR67RZM4TDX5M,baseline,0
economic mobility,AR67RZM4TDX5M,metaphor,100
economic medicine,AR67RZM4TDX5M,baseline,100
economic medicine,AR67RZM4TDX5M,metaphor,100
cut-throat competition,AR67RZM4TDX5M,baseline,100
cut-throat competition,AR67RZM4TDX5M,metaphor,0
criminal path,AR67RZM4TDX5M,baseline,100
criminal path,AR67RZM4TDX5M,metaphor,100
dirty desires,AR67RZM4TDX5M,baseline,100
dirty desires,AR67RZM4TDX5M,metaphor,0
dynamic company,AR67RZM4TDX5M,baseline,100
dynamic company,AR67RZM4TDX5M,metaphor,0
deep rank,AR67RZM4TDX5M,baseline,0
deep rank,AR67RZM4TDX5M,metaphor,100
dynamic personality,AR67RZM4TDX5M,baseline,100
dynamic personality,AR67RZM4TDX5M,metaphor,100
ecological collapse,AR67RZM4TDX5M,baseline,100
ecological collapse,AR67RZM4TDX5M,metaphor,100
compassionate budget,AR67RZM4TDX5M,baseline,100
compassionate budget,AR67RZM4TDX5M,metaphor,100
